GRBname,T90_start,T90_end,T100_start,T100_end,fluence,hardness
GRB200829A,-74.768,204.076,-62.668,-49.568,1.203408e-04 ,2.0040569112341506
GRB200819A,-0.712,30.328,0.312,27.256,4.437842e-07 ,1.140275904063986
GRB200809B,0.0,4.508,0.084,4.284,9.234936e-07 ,2.254498758263797
GRB200806A,-0.132,61.308,3.364,42.052,2.656631e-05 ,1.8557097595498626
GRB200729A,0.536,136.536,1.536,123.536,4.187539e-06 ,2.6634821034423735
GRB200716C,-0.42,112.632,-0.036,86.536,5.820799e-06 ,1.363766032956069
GRB200713A,18.448,65.98,21.14,63.112,9.426877e-07 ,0.8624622360220044
GRB200711A,-4.72,29.728,-3.264,26.096,9.858691e-06 ,1.6090517041661587
GRB200701A,-6.808,42.168,-5.12,33.66,1.301874e-06 ,1.1451963476581057
GRB200630A,-0.512,16.636,-0.248,14.596,7.617354e-07 ,1.467641087499779
GRB200612A,-11.916,433.432,-1.204,424.72,1.056344e-05 ,1.617484480180879
GRB200608A,18.328,161.176,20.648,142.2,1.926098e-06 ,1.119283403082994
GRB200529A,-0.688,93.428,1.096,81.012,4.479731e-06 ,1.1410379387225817
GRB200528A,-0.732,132.344,4.74,64.724,1.934764e-05 ,0.9666294173998281
GRB200522A,-0.016,0.672,-0.004,0.612,2.019289e-07 ,1.6406276244096127
GRB200519A,-0.452,100.704,3.248,74.944,2.192353e-05 ,1.5176443291815565
GRB200512A,-2.864,78.136,-0.864,73.136,1.276336e-06 ,1.3790497737556562
GRB200509A,-0.796,848.992,3.364,831.592,1.208862e-05 ,1.482108805314849
GRB200425A,-47.592,58.408,-41.592,39.408,2.453272e-06 ,1.8501203851486274
GRB200416A,-2.336,4.96,-1.808,4.24,1.445057e-06 ,1.2806486580416134
GRB200411A,-0.02,0.248,-0.004,0.216,2.224615e-07 ,2.4117377079870344
GRB200410A,-90.88,50.624,-62.768,45.952,2.353892e-06 ,1.8920825794156153
GRB200409A,-0.512,19.488,-0.512,15.488,3.011688e-07 ,1.1910224066874489
GRB200306C,-12.064,48.016,-8.816,44.336,7.913708e-06 ,2.4807914466140617
GRB200306A,-3.672,49.952,3.32,36.284,1.240471e-05 ,1.29738827245579
GRB200303A,-36.548,193.26,-30.344,63.876,2.162968e-05 ,1.315164043631622
GRB200228B,-0.844,6.968,-0.58,6.788,3.716655e-07 ,1.0220922780832398
GRB200227A,-0.496,87.732,2.336,32.664,1.077721e-05 ,1.5361023153596578
GRB200224A,-0.792,49.208,-0.792,44.208,4.657791e-07 ,1.6077916849806317
GRB200219A,-15.6,304.4,-15.6,272.4,2.309564e-06 ,1.7330451148444714
GRB200216B,-0.72,79.72,0.488,67.936,1.594381e-06 ,1.0285134189031504
GRB200215A,-9.972,5.368,-7.336,3.812,2.109772e-06 ,1.6048343506386935
GRB200205B,47.1,520.396,54.032,507.944,7.912971e-06 ,1.1159892543025725
GRB200131A,-3.452,46.556,-1.964,30.776,1.386363e-05 ,1.6474041706949454
GRB200127A,-144.312,92.936,-138.744,78.28,3.862465e-06 ,1.4447078529797714
GRB200125A,-36.224,427.736,-15.472,334.864,1.190908e-05 ,1.0933520146266988
GRB200122A,-8.82,229.076,1.884,192.48,1.861635e-05 ,1.3493049574290836
GRB200115A,-122.904,231.188,-54.352,187.788,1.268164e-05 ,1.1942904954862537
GRB200109A,-31.448,112.552,-31.448,80.552,4.254441e-06 ,1.7650214841695653
GRB200107B,-29.856,77.036,-21.84,64.836,5.687190e-06 ,1.6208774868977167
GRB191228A,-39.348,191.284,-31.964,161.852,3.104840e-06 ,1.055115558831003
GRB191227A,-30.56,105.92,-13.968,41.92,5.018716e-05 ,1.6931678597863122
GRB191221B,-15.28,96.72,-15.28,32.72,4.042574e-05 ,1.7585309731889263
GRB191220A,-2.464,248.416,-0.384,175.2,1.406762e-06 ,1.21322100975103
GRB191218A,-0.232,46.032,0.544,45.208,1.786593e-05 ,1.9834443772838422
GRB191213A,-33.524,111.068,-19.024,99.968,3.829907e-06 ,1.5676528347092131
GRB191130A,0.0,22.052,2.08,19.64,9.574555e-07 ,1.1062158162720463
GRB191123A,-3.048,335.968,-1.032,283.78,1.878494e-06 ,1.4541533422332518
GRB191122A,-11.12,196.104,-6.52,119.216,1.066006e-05 ,1.3140133828417024
GRB191106A,-1.356,2.38,-1.252,2.184,8.500939e-07 ,2.4497393755143357
GRB191101A,-21.244,143.504,-16.48,126.228,2.893501e-06 ,1.338628265064027
GRB191031D,-0.032,0.308,-0.02,0.268,1.163828e-06 ,2.556937103470945
GRB191031C,-37.984,66.492,-33.24,45.26,1.184339e-05 ,1.4115942711629894
GRB191031A,-6.264,8.596,-4.248,7.884,1.699764e-06 ,1.9760590966211036
GRB191029A,-4.0,42.0,-3.0,38.0,1.681620e-06 ,1.2970002976393256
GRB191024A,-0.956,7.448,-0.584,6.5,7.085101e-07 ,1.2575928659398352
GRB191019A,-0.828,84.32,1.34,65.688,1.297551e-05 ,0.8604985228145812
GRB191017B,-1.3,3.716,-0.92,3.408,7.191635e-07 ,1.2669508598648604
GRB191016A,-42.828,118.816,-28.976,97.704,9.287981e-06 ,1.3385048502096146
GRB191011A,-0.212,7.96,0.016,7.368,4.744586e-07 ,1.1491579567408028
GRB191004B,-1.452,382.784,0.864,300.992,6.970233e-06 ,2.0659037033080994
GRB191004A,-0.092,2.576,-0.012,2.432,2.448138e-06 ,1.6607715156223402
GRB191001B,4.728,126.12,8.328,115.464,7.553334e-06 ,1.442380846459513
GRB190926A,-0.004,386.468,11.208,373.548,3.035495e-06 ,1.0095084438544197
GRB190829A,-51.896,7.24,-50.552,6.344,7.275639e-06 ,0.7578441232824623
GRB190828B,-42.36,898.36,-28.024,687.832,8.746638e-06 ,1.746424214726101
GRB190824A,-71.888,114.64,-62.976,106.384,1.395947e-05 ,1.3806383565441183
GRB190821A,-3.308,59.492,-1.072,56.024,3.205307e-06 ,1.0412856785053972
GRB190816A,-206.48,341.552,-118.448,257.312,1.613655e-05 ,1.3845859770754452
GRB190727B,-21.488,38.956,-17.764,21.432,3.358880e-05 ,1.5347234585431075
GRB190719C,-0.28,202.124,0.62,186.448,8.197293e-06 ,1.321021237343666
GRB190718A,0.568,720.568,0.568,704.568,8.030311e-28 ,1.0016130555555557e-30
GRB190706B,-0.248,51.336,0.328,43.912,9.440419e-07 ,1.2920819695817969
GRB190701A,35.016,89.992,35.912,88.344,1.233402e-06 ,1.2447441337751168
GRB190630C,-1.92,50.232,-0.588,37.796,3.193040e-06 ,1.0928487126093471
GRB190630B,-1.684,4.704,-1.304,4.264,5.374090e-07 ,1.821838947816138
GRB190627A,-0.012,2.944,0.12,2.812,1.343397e-07 ,0.8625614997815301
GRB190613B,-2.848,175.652,-2.232,158.588,3.332102e-06 ,1.3553455269187684
GRB190613A,0.624,20.32,1.744,19.376,3.625986e-06 ,2.1037295312886353
GRB190611A,-0.872,63.824,-0.02,41.74,6.622077e-07 ,1.5235625810281
GRB190610A,0.212,0.952,0.248,0.88,1.844683e-06 ,4.070897426915802
GRB190604B,-39.776,238.04,-4.708,215.468,2.631372e-05 ,1.2194946337514754
GRB190519A,-52.472,5.624,-41.672,2.808,2.897118e-05 ,1.2798533071832214
GRB190515B,-25.544,31.8,-20.136,26.376,2.227602e-06 ,1.2589544100195127
GRB190512A,-9.7,43.3,-8.188,31.884,1.713546e-06 ,1.0368598794452568
GRB190511A,-24.272,6.88,-21.792,5.872,1.588101e-05 ,1.8919509007185293
GRB190427A,-0.008,0.312,-0.008,0.184,2.526039e-07 ,1.9435705045391944
GRB190424A,-1.312,14.368,-0.804,9.032,2.151870e-06 ,1.5548910187340912
GRB190422A,6.428,359.532,18.252,287.268,9.312317e-06 ,1.2227842756924283
GRB190331A,-0.056,4.504,-0.004,4.332,9.353513e-07 ,1.8655213037997396
GRB190326A,0.0,0.104,0.0,0.076,4.025532e-08 ,
GRB190324A,-0.408,57.608,17.272,40.056,1.267149e-05 ,1.4867571565770958
GRB190320A,-25.2,44.8,-23.2,39.8,5.690600e-06 ,2.0095090811344942
GRB190311A,-2.12,22.008,-1.16,12.792,1.419506e-06 ,1.283246402092592
GRB190220A,-0.12,11.88,-0.12,9.88,1.330856e-06 ,1.0571092597918006
GRB190219A,-105.74,88.496,-89.332,78.408,4.791254e-06 ,0.9059619294288022
GRB190211A,-9.76,1.664,-9.44,1.456,1.151665e-06 ,2.0731959028870715
GRB190204A,-6.52,54.128,-2.588,23.736,2.528837e-05 ,1.6827902523200462
GRB190203A,-56.472,229.96,-48.6,37.96,3.545790e-05 ,1.9194186410360594
GRB190202A,-4.824,23.4,-2.136,13.864,1.288152e-05 ,1.763194005958133
GRB190123A,-1.22,27.648,-0.34,24.784,1.900959e-06 ,2.1899283669064022
GRB190114C,-6.604,702.808,0.26,374.984,1.517884e-04 ,1.5114016023536647
GRB190114B,-1.164,27.9,0.168,26.66,7.080039e-07 ,1.1988916791999635
GRB190114A,126.4,199.58,128.068,195.164,1.074268e-06 ,1.0906869416229252
GRB190110A,-0.796,10.996,0.152,9.456,3.984867e-06 ,1.3183477571075926
GRB190109B,-4.26,3.308,-3.56,2.952,8.011447e-07 ,1.465312016281603
GRB190109A,5.868,206.68,12.256,127.264,8.953724e-06 ,1.150190828548116
GRB190106A,-0.124,96.616,1.856,79.952,9.860892e-06 ,1.3718929528132553
GRB190103B,-10.432,16.176,-4.88,14.64,2.022110e-05 ,1.3484038289913307
GRB181228A,-3.984,337.936,-0.96,254.192,1.904930e-05 ,1.5246843281948073
GRB181224A,-12.036,3.304,-9.508,2.98,1.013924e-06 ,1.9120975881290492
GRB181213A,-0.408,15.944,0.136,15.432,2.432919e-06 ,1.515933204305656
GRB181203A,-1.796,15.852,-0.812,14.248,1.148880e-06 ,1.232253514556014
GRB181202A,-0.256,6.756,0.02,6.58,4.144307e-07 ,1.5312281405179786
GRB181126A,-0.068,2.164,0.016,2.108,6.971467e-07 ,1.9322350392459602
GRB181125A,-0.18,11.24,0.072,10.584,5.649579e-07 ,1.652190170738719
GRB181123B,0.032,0.312,0.04,0.3,3.867125e-07 ,3.028934868222143
GRB181110A,-109.304,129.808,-39.268,99.156,1.331035e-05 ,1.0112768953591915
GRB181103A,-1.224,9.96,-0.728,8.44,4.019313e-07 ,1.2190176253442948
GRB181030A,3.192,443.004,18.244,321.44,9.526539e-06 ,1.2665430144972156
GRB181027A,-18.452,85.444,-7.956,73.348,5.275645e-06 ,1.5873396479030308
GRB181023A,-29.016,36.94,-21.412,35.572,2.038124e-06 ,1.4017485461213255
GRB181022A,-1.644,7.964,-1.156,6.78,4.801457e-07 ,2.9330534414382137
GRB181020A,-1.448,271.204,0.796,238.812,1.675888e-05 ,1.7416872788428637
GRB181016A,-18.004,110.18,-12.952,98.392,3.310000e-06 ,1.5986740056503421
GRB181013A,18.368,123.968,18.976,123.184,4.107465e-07 ,1.8004870722551258
GRB181010A,-4.044,15.212,-2.376,13.188,1.216063e-06 ,1.5299251207148294
GRB181003A,-11.196,18.008,-8.6,16.892,8.495576e-07 ,1.5496366063684293
GRB181002A,-28.376,43.624,-22.872,40.536,1.139495e-06 ,1.0219034903962472
GRB180930A,-3.244,4.204,-2.98,3.824,2.933051e-07 ,1.2841329361879545
GRB180925A,-4.44,104.028,-3.48,79.152,7.218047e-06 ,1.5597309259730527
GRB180924A,-84.668,26.348,-76.408,18.408,1.917313e-06 ,1.127768614103833
GRB180905A,-58.932,146.66,-47.26,118.084,7.037737e-06 ,1.4350598697980121
GRB180904A,0.28,6.556,1.332,5.964,5.639530e-07 ,2.4811895883246113
GRB180828A,-7.288,28.712,-7.288,5.712,2.364408e-05 ,2.2696041401080977
GRB180823A,-37.532,72.048,-29.268,51.028,1.327366e-05 ,1.385893905784384
GRB180821A,1.0,65.0,1.0,65.0,2.207801e-06 ,1.3897927759448838
GRB180818B,-93.58,62.744,-89.712,47.748,3.516001e-06 ,1.2562322544434923
GRB180818A,-2.144,14.096,-1.6,12.112,3.321208e-07 ,1.0931003123486216
GRB180812A,-0.84,16.628,-0.088,16.44,1.690803e-06 ,2.074101466474527
GRB180809B,-36.08,302.308,3.628,236.872,1.516842e-04 ,1.7228598075662065
GRB180805B,-0.1,126.532,0.116,122.356,2.013186e-06 ,2.397177557471546
GRB180805A,0.036,1.9,0.116,1.792,1.911948e-07 ,1.6570289141107173
GRB180728A,-0.244,36.512,11.672,20.356,4.163949e-05 ,1.038197497225844
GRB180727A,-0.052,1.332,0.024,1.08,4.914803e-07 ,1.4108790896430603
GRB180721A,-0.392,48.916,0.084,47.684,1.230113e-06 ,1.955239423355549
GRB180720C,-150.52,13.444,-112.22,10.768,4.334548e-06 ,1.6577919284474993
GRB180720B,-3.816,527.728,0.22,108.62,1.647150e-04 ,1.6057579296664999
GRB180718A,0.0,0.1,0.008,0.092,3.958494e-09 ,0.39318770141510984
GRB180715A,-0.144,0.632,-0.112,0.572,3.815327e-07 ,2.970708089133167
GRB180709A,0.596,223.72,2.748,197.556,2.687940e-06 ,1.8610143655297302
GRB180706A,-15.92,51.168,-2.112,40.332,3.397018e-06 ,1.1101966952310258
GRB180705A,0.26,133.044,3.852,110.636,3.358675e-06 ,1.5003753888574203
GRB180704A,-17.896,4.236,-17.136,2.52,1.302331e-05 ,1.8508021893031532
GRB180630A,-0.356,30.024,1.476,20.436,2.337372e-06 ,1.008555731569559
GRB180626A,-10.008,25.588,-6.68,23.424,6.641557e-06 ,1.031145173658558
GRB180624A,-61.548,487.604,-43.332,423.32,7.972061e-06 ,1.1448539700203135
GRB180623A,-61.82,114.068,-37.172,77.708,2.100612e-05 ,1.5100809121672663
GRB180620B,-159.376,162.428,-118.84,105.128,1.718407e-05 ,1.3774003891213094
GRB180620A,-6.924,37.788,-0.616,22.332,8.957045e-06 ,1.24480123885372
GRB180618A,-0.056,56.328,0.008,47.432,1.291324e-06 ,1.817229966481271
GRB180614A,-4.348,3.452,-3.956,3.136,3.651359e-07 ,1.5914758983328852
GRB180613A,25.32,82.568,27.944,78.76,1.027532e-06 ,1.4647050704283673
GRB180602A,-39.372,30.248,-32.4,20.804,2.717778e-06 ,1.3001995537737052
GRB180514A,-8.36,28.6,-6.544,24.616,1.390343e-06 ,1.2842512187789425
GRB180512A,29.0,55.0,30.0,54.0,5.575110e-07 ,1.093100060412285
GRB180510B,-19.92,137.104,-13.168,120.848,2.886621e-06 ,1.0887545828218461
GRB180510A,-15.232,64.768,-15.232,48.768,1.149979e-05 ,1.5121681790765604
GRB180504A,-44.296,133.688,-27.912,87.352,4.182251e-06 ,1.547355110349277
GRB180425A,-0.968,12.728,-0.136,11.768,2.338464e-06 ,1.7564670544180405
GRB180418A,0.096,7.168,0.28,4.688,6.611838e-07 ,1.715615893297467
GRB180411A,-6.92,100.824,-1.224,76.752,2.218072e-05 ,1.4922788318767313
GRB180410A,20.712,154.752,25.688,140.488,4.508425e-06 ,1.648427849229303
GRB180407A,-20.572,107.108,-16.164,84.464,2.058832e-06 ,1.1849773894664082
GRB180404B,-5.908,196.28,-0.244,111.464,2.320924e-05 ,1.625661230320059
GRB180404A,-22.472,24.16,-17.136,19.144,1.778179e-06 ,1.1016408421234416
GRB180402A,0.052,0.264,0.068,0.248,5.053308e-07 ,3.619762587412836
GRB180331B,-21.384,62.424,-20.168,57.864,2.046189e-06 ,0.9134400895341618
GRB180331A,0.584,48.584,0.584,48.584,1.237061e-06 ,1.6430844809897176
GRB180329B,-9.912,257.16,-5.592,207.944,5.020233e-06 ,1.1711164873307953
GRB180329A,-0.504,39.496,-0.504,35.496,4.595788e-07 ,1.3399230202931949
GRB180325A,-0.008,107.888,1.752,94.58,1.372876e-05 ,1.7928754945335679
GRB180324A,-5.36,3.66,-4.772,2.444,1.027843e-06 ,1.5910734302467824
GRB180316A,-79.728,37.272,-61.728,25.272,8.937495e-06 ,1.578883718388868
GRB180314B,-51.12,11.936,-44.928,10.496,1.006755e-06 ,0.9082598663431094
GRB180314A,-11.8,109.752,-9.784,40.68,1.936795e-05 ,1.4578401043374265
GRB180311A,-0.24,26.576,0.72,23.76,5.046483e-07 ,1.391296915450162
GRB180224A,-0.472,14.572,0.144,11.064,6.125166e-07 ,1.018943283744854
GRB180222A,-0.472,55.336,0.424,42.728,1.611432e-06 ,1.5856232420336778
GRB180221A,1.656,14.656,1.656,12.656,8.968367e-07 ,1.5446849906142452
GRB180205A,-7.044,10.868,-6.316,9.22,1.374882e-06 ,1.040782914208941
GRB180204A,-0.052,1.292,-0.028,1.136,1.116039e-06 ,2.0166011516085414
GRB180115A,26.492,70.252,27.736,66.88,1.210284e-06 ,1.4186003845994652
GRB180113A,-12.976,67.024,-12.976,51.024,1.129874e-05 ,1.9638118137788718
GRB180111A,-0.296,69.588,1.784,52.676,2.047731e-05 ,1.6860482939929118
GRB180103A,0.0,174.4,11.2,161.6,4.140071e-06 ,1.5966509208423643
GRB180102A,-7.624,6.3,-6.14,5.42,4.716276e-07 ,1.0845764231918547
GRB171222A,8.004,210.088,12.848,186.72,2.550799e-06 ,1.0781769308919087
GRB171216A,-0.448,33.472,0.512,30.592,7.921290e-07 ,1.5780467308993278
GRB171212A,-28.824,371.176,-28.824,275.176,4.224060e-06 ,0.9275772304928794
GRB171211A,0.032,2.64,0.08,2.256,3.718155e-07 ,1.3535986903613146
GRB171209A,-70.756,228.436,-5.204,156.444,1.256208e-05 ,1.4302438105205684
GRB171205A,-42.228,197.796,-26.196,164.276,6.777526e-06 ,1.6967971021464356
GRB171123A,-1.392,60.288,-0.48,57.984,9.141223e-07 ,1.9448672208148707
GRB171120A,-15.528,64.472,-15.528,48.472,1.447971e-05 ,1.445505692725856
GRB171115A,-7.38,32.332,-6.3,30.472,1.045803e-06 ,1.339799777664999
GRB171103A,-0.372,4.668,-0.324,3.944,7.467078e-07 ,1.7987043388028874
GRB171102B,-5.368,15.416,-4.84,14.04,2.092596e-06 ,2.178863489826544
GRB171027A,-1.096,129.984,7.672,104.444,1.407482e-05 ,1.4941012839894023
GRB171020A,-0.968,46.648,0.248,42.104,2.818119e-06 ,2.286493284578919
GRB171011A,-0.06,2.744,0.06,2.34,1.689733e-06 ,1.2971197336746787
GRB171010B,0.0,32.0,0.0,30.4,7.362938e-07 ,1.6902459323570613
GRB171007A,-0.156,83.348,0.48,68.904,5.147383e-07 ,2.360261279006808
GRB171004A,10.588,136.976,15.344,120.884,4.677428e-06 ,1.349087010617257
GRB171001A,12.028,34.196,12.784,33.7,1.047625e-06 ,1.6646002098324555
GRB170921A,-21.816,13.0,-18.296,10.504,1.022395e-06 ,1.3150733628914237
GRB170912B,-1.576,38.748,0.004,17.888,3.460991e-06 ,1.123440580442766
GRB170912A,-1.208,26.312,-0.12,21.064,1.506636e-06 ,1.1171196877014946
GRB170906C,-35.208,41.328,-25.784,19.292,1.443805e-05 ,1.2994212699534082
GRB170906B,-11.776,7.424,-11.776,7.424,,
GRB170906A,-44.756,122.86,8.008,96.12,6.471933e-05 ,1.6078660076946194
GRB170903A,-9.996,25.704,-5.268,22.456,3.292215e-06 ,1.1068784633972946
GRB170827A,17.24,176.972,24.12,122.744,3.402317e-06 ,1.9581673601007619
GRB170823A,-0.356,87.308,1.7,71.108,3.442876e-06 ,1.0000690415006743
GRB170822A,-15.624,64.376,-15.624,48.376,9.609928e-06 ,1.2132486909033
GRB170813A,-9.164,77.088,-7.428,65.116,4.387823e-06 ,2.0677593185032195
GRB170810A,-24.332,157.74,-17.776,134.644,9.942370e-06 ,1.7882990550421582
GRB170807A,-0.436,52.232,0.164,36.488,1.255201e-06 ,1.2366022174351523
GRB170804A,1.98,78.932,3.856,60.336,2.112266e-06 ,1.3576883728749305
GRB170803A,-0.692,4.144,-0.188,3.632,2.122786e-06 ,1.6846510846011806
GRB170728B,-0.072,50.552,0.056,47.736,2.383484e-06 ,1.4496068628391214
GRB170728A,0.168,1.584,0.236,1.484,1.129987e-07 ,1.1863688291369439
GRB170724A,-45.644,63.604,-39.768,59.212,1.948645e-06 ,1.670205214959213
GRB170714A,-74.36,464.232,-32.904,426.312,4.593317e-06 ,1.3797167155875272
GRB170711A,-31.624,15.368,-22.16,9.052,2.160207e-06 ,1.2600565573099378
GRB170710B,0.0,59.2,1.6,56.0,4.552414e-06 ,1.6162923924964747
GRB170710A,0.168,36.792,0.568,33.688,1.097484e-06 ,1.3202923416959693
GRB170705A,-0.388,310.464,4.372,227.576,1.515066e-05 ,1.3340737701740282
GRB170629A,-1.208,39.324,0.24,34.668,4.256343e-06 ,1.381624081324374
GRB170626A,-21.344,17.924,-1.236,11.712,1.399075e-05 ,1.345890954362924
GRB170607A,-207.896,144.104,-191.896,128.104,1.255575e-05 ,1.3519482334584247
GRB170604A,-11.656,18.84,-10.296,16.232,1.026077e-05 ,1.7712914710978183
GRB170531B,0.24,181.56,4.288,174.584,2.693072e-06 ,1.131253623748969
GRB170531A,-13.244,25.796,-9.948,22.356,1.597496e-06 ,2.0459260066083913
GRB170526A,-0.072,8.716,0.164,8.476,4.140093e-07 ,2.44258727937288
GRB170524B,0.0,49.6,0.0,46.4,1.478638e-05 ,1.8762465385138611
GRB170524A,0.0,0.12,0.004,0.108,8.855054e-08 ,2.306587451090185
GRB170519A,-30.2,201.264,-24.028,196.224,1.566178e-06 ,1.1745189115185235
GRB170516A,-19.856,31.216,-12.912,23.856,1.067569e-06 ,0.6853619793146898
GRB170428A,0.148,0.448,0.164,0.364,8.336259e-07 ,2.5951354527934
GRB170419B,0.276,87.228,1.0,66.856,3.707828e-06 ,1.6862424250997672
GRB170419A,-0.376,8.584,-0.072,7.704,4.026595e-07 ,1.1265229852773642
GRB170405A,-27.104,242.496,-16.816,148.496,6.806686e-06 ,1.504249908721079
GRB170331A,-2.784,17.152,-1.728,15.888,1.556414e-06 ,1.247468718350932
GRB170330A,-143.864,7.972,-141.168,3.3,1.083333e-05 ,1.6704369581856744
GRB170325A,0.0,0.392,0.016,0.348,2.044118e-07 ,2.3003290537962333
GRB170318B,-0.5,0.644,-0.464,0.608,3.912695e-07 ,3.1226264708234077
GRB170318A,-21.592,146.26,-5.356,111.56,7.169530e-06 ,1.7098965233433407
GRB170317A,-0.288,18.32,0.432,12.384,2.171932e-06 ,1.2425960930897935
GRB170311A,-3.696,6.304,-3.696,5.304,6.137055e-07 ,2.02041290828105
GRB170307A,55.204,125.096,56.16,86.08,1.893542e-06 ,1.227891365593362
GRB170306A,-7.036,19.284,-3.332,17.676,1.237502e-06 ,1.27303360722586
GRB170208B,-18.2,159.3,-5.472,122.664,1.043731e-05 ,1.3376420345984381
GRB170208A,-0.036,8.06,0.088,7.536,3.715870e-06 ,2.1804192400971947
GRB170206B,-0.328,15.608,-0.008,13.352,5.882180e-07 ,1.8007773238627853
GRB170205A,-1.424,46.396,-0.116,26.012,5.531076e-06 ,1.1453286175458917
GRB170203A,-0.04,48.976,0.748,46.652,1.087360e-06 ,1.6822092860816475
GRB170202A,0.252,76.46,1.58,39.34,5.369600e-06 ,1.3095447803626554
GRB170131A,,,,,,
GRB170127B,0.048,0.64,0.048,0.56,2.800024e-07 ,2.6342682123991534
GRB170127A,-8.496,65.268,-4.892,62.484,1.181384e-06 ,2.246363807660903
GRB170126A,-0.76,10.888,-0.184,9.352,5.449366e-06 ,1.6267088688127271
GRB170115A,2.948,52.496,3.96,36.004,8.529502e-07 ,1.7003955607839867
GRB170113A,-0.608,22.932,0.26,20.556,1.214861e-06 ,1.4477050007311438
GRB170112A,-0.004,0.056,-0.004,0.052,2.811779e-08 ,2.4437680200652694
GRB170111A,-13.588,25.324,-12.264,17.612,1.342645e-06 ,1.4605960137610499
GRB170101A,-1.632,8.512,-0.272,2.832,9.427096e-06 ,1.1904745720202565
GRB161224A,12.456,65.176,15.672,63.048,1.229831e-06 ,0.9866657964515133
GRB161220A,-3.428,4.464,-3.052,4.168,2.505457e-07 ,1.1474138060173504
GRB161219B,-0.536,8.376,0.048,6.98,2.261545e-06 ,1.1666751800460957
GRB161218A,-1.396,14.5,-0.328,6.872,1.536587e-05 ,1.7888754604249275
GRB161217A,32.872,48.748,35.9,47.936,2.239548e-07 ,0.8010321404708854
GRB161214B,-0.424,30.828,0.404,25.3,3.153625e-06 ,1.2421951778056481
GRB161202A,-63.412,65.792,-62.156,56.34,1.473644e-05 ,1.3893448301192732
GRB161129A,0.056,44.584,6.18,41.724,6.226768e-06 ,1.4297169473570186
GRB161117B,-6.456,157.444,-0.908,151.404,7.921893e-06 ,0.9548607814068574
GRB161117A,-5.996,154.436,1.584,127.284,3.107094e-05 ,
GRB161113A,-3.448,55.276,0.66,44.124,2.372390e-06 ,1.256000958872937
GRB161108A,-1.904,126.756,-0.496,115.34,1.660154e-06 ,1.2722722126851411
GRB161105A,-87.04,161.076,-57.556,120.14,1.199573e-05 ,1.6314731836577518
GRB161104A,-0.016,0.1,-0.012,0.088,9.562424e-08 ,2.128089310377957
GRB161022A,0.552,8.232,0.792,8.04,1.661580e-06 ,2.172800509356148
GRB161017A,-13.28,233.42,-0.808,216.24,9.119041e-06 ,1.3936384016879864
GRB161014A,-14.712,12.288,-11.712,11.288,4.051760e-06 ,1.633202017387754
GRB161011A,-0.352,4.516,-0.12,4.156,5.244822e-07 ,2.493617834886537
GRB161007A,18.224,261.184,25.86,183.552,2.401520e-06 ,1.643879569831692
GRB161004B,-5.16,27.308,-2.636,13.084,1.600193e-05 ,1.473295804098147
GRB161004A,-0.108,1.312,-0.064,1.256,1.960191e-07 ,1.8726639961217564
GRB161001A,-0.216,3.104,-0.108,2.492,1.621355e-06 ,2.023858301357046
GRB160927A,0.0,0.56,0.04,0.528,3.171524e-07 ,2.186150354248865
GRB160917A,-0.3,15.308,0.092,14.612,3.262443e-06 ,2.4392157137876658
GRB160912A,-33.112,211.088,-20.448,186.86,6.742885e-06 ,1.576775961275002
GRB160905A,-15.2,96.8,-15.2,48.8,3.955560e-05 ,2.1012611677712463
GRB160827A,-8.952,10.888,-4.04,10.008,5.058383e-07 ,1.0891560109839906
GRB160826A,3.848,61.608,4.78,57.396,8.361944e-07 ,1.6373436519475053
GRB160824A,-0.66,111.576,1.344,100.676,4.158942e-06 ,1.386085348390424
GRB160821B,0.0,0.536,0.008,0.488,1.662704e-07 ,1.1934384037215438
GRB160821A,-2.612,115.168,1.56,114.196,1.250764e-05 ,1.4292890461398557
GRB160819A,0.0,73.6,3.2,70.4,1.227207e-05 ,1.2747939425010846
GRB160815A,-6.408,5.196,-4.26,4.308,2.278285e-06 ,1.2800589037516195
GRB160804A,25.14,247.148,38.204,190.948,1.639695e-05 ,1.1195406875787113
GRB160801A,-1.344,1.828,-1.168,1.684,2.555366e-07 ,1.2686450836314813
GRB160726A,0.004,0.788,0.016,0.744,6.101351e-07 ,2.0063199780041856
GRB160716A,-0.432,6.728,-0.016,6.376,2.231891e-07 ,0.959908891326448
GRB160714A,0.028,0.4,0.036,0.384,1.287043e-07 ,1.988382513456603
GRB160712A,-8.6,45.464,-3.304,41.224,5.723294e-06 ,1.9419145842966647
GRB160709A,0.0,4.8,0.0,4.8,1.045373e-06 ,2.3124915298633213
GRB160705B,-14.484,55.132,-5.052,49.528,1.113074e-06 ,1.357219426453079
GRB160703A,-26.428,53.304,-8.372,36.636,1.772196e-05 ,1.6319243943750141
GRB160630A,-1.416,34.888,-0.408,29.144,2.503206e-06 ,1.7529514239820267
GRB160625A,-15.036,47.412,-9.332,44.588,4.367797e-06 ,0.9776875809328349
GRB160624A,0.048,0.304,0.048,0.24,1.793123e-07 ,5.108578494326998
GRB160623A,,,,,,
GRB160612A,0.0,0.308,0.032,0.28,2.959496e-07 ,2.778434007278767
GRB160611A,-31.384,13.512,-25.268,9.856,2.841688e-06 ,1.3461701731369626
GRB160607A,-14.548,44.08,-1.136,32.356,4.003869e-05 ,1.5770664221785784
GRB160601A,-0.024,0.12,-0.012,0.108,1.632610e-07 ,2.445062628633957
GRB160525B,0.016,0.332,0.028,0.32,4.492076e-08 ,1.3534429383194622
GRB160525A,,,,,2.140868e-07 ,0.9771471865459491
GRB160519A,-0.992,41.152,-0.48,35.136,1.617613e-06 ,1.1826060264628004
GRB160506A,-9.096,336.016,-2.552,257.976,1.989001e-06 ,1.0301960493647646
GRB160504A,-42.392,16.196,-40.096,13.864,1.172367e-06 ,1.2814740781673613
GRB160501A,,,,,7.547098e-07 ,0.9480252554118322
GRB160425A,-0.532,319.8,0.2,304.796,2.570141e-06 ,0.9660735368077461
GRB160424A,-1.424,6.736,-0.88,5.584,2.346120e-06 ,1.6258853640100677
GRB160419A,-4.488,9.336,-3.02,6.396,7.484590e-06 ,1.693285251797753
GRB160417A,-2.136,13.888,-1.184,13.368,8.423111e-07 ,1.193767397650893
GRB160412A,-4.308,40.176,-1.384,30.796,2.801204e-06 ,1.1361355446647052
GRB160411A,0.06,0.452,0.088,0.444,1.465804e-07 ,1.9721044629598783
GRB160410A,-15.16,112.84,-15.16,80.84,2.647707e-06 ,2.291343568472346
GRB160409A,0.0,51.2,1.6,49.6,,
GRB160408A,0.016,0.372,0.036,0.356,4.385813e-07 ,2.6953185034334965
GRB160327A,-6.368,42.848,-3.312,30.432,2.010674e-06 ,1.1820885287712408
GRB160325A,-51.748,59.38,-40.924,20.8,1.457351e-05 ,1.7048657771382014
GRB160321A,-20.884,19.1,-18.136,15.34,7.723652e-07 ,1.2045643956571326
GRB160314A,-0.036,9.312,0.256,8.988,4.796547e-07 ,1.5869744101903804
GRB160313A,-5.604,44.656,-1.452,40.084,1.198181e-06 ,1.8880347555571886
GRB160303A,-0.088,5.32,-0.012,4.964,3.530829e-07 ,2.4725200881182943
GRB160228A,-0.008,119.58,2.076,100.984,3.886791e-06 ,1.7397228024166504
GRB160227A,-99.388,236.964,-92.808,223.54,5.744286e-06 ,1.4577057825268158
GRB160225A,-30.376,135.288,-23.832,133.624,2.686222e-06 ,1.5811382052395972
GRB160223A,-6.0,182.04,0.06,134.924,1.018071e-05 ,1.6396826378550526
GRB160220B,-7.576,37.484,-3.628,27.488,1.528204e-05 ,1.8128003580794478
GRB160220A,-0.1,8.988,0.476,8.736,9.014431e-07 ,1.636779172025444
GRB160216A,-0.296,11.704,-0.296,10.704,3.697951e-06 ,1.5115064285536606
GRB160203A,6.088,25.784,6.68,24.12,1.393145e-06 ,1.174735140041185
GRB160131A,-1.492,773.032,12.808,340.56,4.296763e-05 ,1.7804921698273362
GRB160127A,-1.436,5.704,-0.708,5.448,4.295643e-07 ,0.8489463456949112
GRB160123A,-2.048,3.0,-1.276,2.676,6.188697e-07 ,1.5640113779864027
GRB160121A,-0.028,14.972,0.524,11.024,9.323334e-07 ,1.2639499276806214
GRB160119A,32.584,200.228,54.124,174.264,1.134629e-05 ,1.335950507878875
GRB160117B,0.02,14.472,0.368,11.904,4.157074e-07 ,0.9199833111922436
GRB160117A,-60.0,113.0,-33.0,104.0,4.094548e-06 ,0.9515902854127527
GRB160104A,-1.312,17.648,-0.936,15.628,6.228426e-07 ,1.3274558817075166
GRB151229A,-0.112,2.344,-0.052,1.388,8.597820e-07 ,1.1821968394380575
GRB151228B,-15.56,48.44,-15.56,32.44,3.984556e-06 ,1.339645884343669
GRB151228A,-0.036,0.276,-0.028,0.248,2.361155e-07 ,2.6478899522350243
GRB151215A,-15.46,3.128,-15.08,2.768,4.235059e-07 ,1.2347525702724917
GRB151210A,-57.196,52.8,-38.72,48.24,2.179830e-06 ,1.217530917144036
GRB151205B,-0.22,1.316,-0.196,1.24,1.336599e-07 ,1.5912935460558586
GRB151205A,-11.448,68.552,-11.448,52.552,3.341258e-06 ,2.057121532625131
GRB151127A,0.016,0.22,0.024,0.212,4.814267e-08 ,2.2726363993942136
GRB151122A,0.0,40.0,1.6,38.4,7.338479e-07 ,1.377684883760644
GRB151118A,0.016,30.816,0.32,23.888,7.428834e-07 ,1.3714814484714715
GRB151114A,-4.26,1.252,-3.768,1.088,,
GRB151112A,-0.064,69.024,0.336,59.2,,
GRB151111A,-5.616,91.348,-2.188,73.856,,
GRB151107A,,,,,,
GRB151031A,0.304,6.304,0.304,5.304,4.050431e-07 ,0.8475394745456385
GRB151029A,-1.104,12.112,-0.772,8.18,5.568542e-07 ,0.9954963553823757
GRB151027B,1.0,97.0,1.0,81.0,2.191145e-06 ,1.3280365928077462
GRB151027A,-0.74,164.704,0.652,130.232,1.258921e-05 ,1.4208879090719921
GRB151023A,-0.984,12.164,-0.528,10.232,3.306479e-07 ,0.9508017864979166
GRB151022A,-1.04,132.848,2.608,120.288,1.703611e-06 ,1.2617983626838098
GRB151021A,-21.62,127.424,-15.204,94.852,4.780973e-05 ,1.423573831818133
GRB151006A,-4.832,311.296,-1.664,209.392,1.278364e-05 ,1.4635915041432317
GRB151004A,-13.632,134.368,-9.36,127.912,1.414724e-06 ,1.1656279604627562
GRB151001B,-39.96,118.68,-27.336,104.184,2.050138e-06 ,1.0545080340376565
GRB151001A,-6.288,7.776,-5.44,4.388,1.492366e-06 ,1.884386992376838
GRB150925A,3.508,149.612,10.348,132.48,1.738042e-06 ,0.9823131483710317
GRB150915A,-63.0,113.0,-63.0,97.0,8.617131e-07 ,0.9262111260946512
GRB150911A,-1.036,9.612,0.368,7.504,3.129461e-06 ,1.0821560753138102
GRB150910A,-3.784,147.56,1.8,114.072,9.110012e-06 ,1.6638728961306959
GRB150907B,-1.476,64.524,-0.644,61.376,2.237917e-06 ,1.6300459276774493
GRB150901A,-61.752,18.248,-61.752,2.248,5.163688e-07 ,0.9164322440673283
GRB150831B,-0.584,6.84,-0.312,5.864,1.980149e-06 ,1.2185125527535436
GRB150831A,-0.032,1.02,0.02,0.94,1.117882e-06 ,2.771851718600913
GRB150821A,21.096,330.744,27.512,196.456,1.189007e-06 ,1.3198368170725658
GRB150819A,14.008,73.448,17.144,68.808,7.310698e-07 ,1.4230818215719998
GRB150818A,-25.256,176.02,-9.324,133.732,6.164299e-06 ,1.144300484608652
GRB150817A,-16.764,58.732,-5.82,32.176,9.033311e-06 ,1.1997200608412661
GRB150811A,1.508,39.184,4.632,36.152,6.256636e-07 ,1.0544111689603508
GRB150801B,-30.16,433.944,0.244,408.952,4.430386e-06 ,1.2400241023429759
GRB150728A,0.24,1.2,0.304,1.136,4.428036e-08 ,1.2958364331443224
GRB150727A,-8.696,95.944,-4.52,83.436,8.154394e-06 ,1.9178734327145193
GRB150724A,-1.072,325.42,1.236,281.244,2.921415e-06 ,1.089582209516047
GRB150722A,-26.456,45.624,-24.072,43.24,8.740068e-07 ,1.2816805887113227
GRB150720A,-182.64,122.868,-122.344,116.192,9.031319e-07 ,0.9018620304508848
GRB150716A,-4.192,47.144,-2.332,40.236,2.562099e-06 ,1.4622447105055074
GRB150711A,-34.06,70.236,-27.96,42.996,6.492835e-06 ,1.2301840267566089
GRB150710B,,,,,7.495084e-06 ,1.6257350316057388
GRB150710A,0.016,0.224,0.016,0.168,2.321205e-07 ,3.0361264580390555
GRB150626B,-15.56,32.44,-15.56,32.44,2.132462e-06 ,1.959385540191745
GRB150626A,-6.576,115.152,-4.976,92.288,1.851742e-06 ,1.0731245654618193
GRB150616A,-48.14,705.776,-30.472,577.936,3.166749e-05 ,1.310146890648073
GRB150615A,-2.86,36.48,-1.956,30.728,9.100691e-07 ,1.2930047413861303
GRB150607A,-0.232,27.9,0.2,26.188,4.007372e-06 ,1.413416160358484
GRB150530B,0.0,3.0,0.0,3.0,2.770903e-07 ,1.4076017346084018
GRB150530A,-4.784,3.28,-3.952,2.944,3.158279e-06 ,1.539324047775559
GRB150527A,-111.856,12.176,-106.816,1.984,5.060013e-06 ,1.2905058114777288
GRB150513A,-54.332,129.36,-42.524,119.04,1.127169e-05 ,1.6928946030290037
GRB150430A,-10.936,108.696,-8.024,98.856,1.295660e-05 ,1.6819762628427346
GRB150428B,-40.06,121.744,-34.468,96.48,5.693359e-06 ,1.2121879176097559
GRB150428A,-38.984,38.6,-20.456,32.744,1.286263e-05 ,1.7546079065362703
GRB150423A,0.008,0.24,0.012,0.228,1.936190e-07 ,2.835830277534523
GRB150413A,-73.088,207.956,-55.36,188.236,6.814379e-06 ,1.349211706509514
GRB150407A,,,,,,
GRB150403A,-83.148,145.372,-7.66,29.636,3.617315e-05 ,1.7627056271905521
GRB150402A,0.0,14.4,0.0,14.4,1.784898e-07 ,1.1061143868247425
GRB150323C,-23.288,166.472,-21.08,138.584,1.869374e-06 ,1.258142474512102
GRB150323B,0.0,65.6,3.2,62.4,5.300796e-06 ,1.4830650248466573
GRB150323A,-1.54,191.408,3.396,153.124,8.671659e-06 ,1.249481793380765
GRB150318A,-4.516,115.004,3.036,90.48,3.279654e-06 ,1.02525040177066
GRB150317A,-0.436,23.992,-0.036,23.248,1.145100e-06 ,1.5457531524782118
GRB150314A,-2.172,101.44,-1.22,13.56,5.270111e-05 ,1.935530312238488
GRB150309A,-197.32,119.072,-191.824,50.216,3.352097e-05 ,1.5555360593889278
GRB150302A,-1.144,28.232,-0.312,23.56,4.095075e-07 ,1.51457255834989
GRB150301B,-0.92,24.056,0.152,17.288,3.603068e-06 ,1.5290786266690986
GRB150301A,0.0,0.56,0.0,0.484,1.352876e-07 ,1.7084405117799528
GRB150222A,0.064,28.112,1.504,17.34,3.607802e-06 ,1.3699034612763463
GRB150213B,4.0,291.0,9.0,218.0,4.952128e-06 ,1.3111737065873283
GRB150212A,-0.296,19.48,0.248,15.736,1.601903e-06 ,1.5162110411842094
GRB150211A,-11.624,9.18,-6.696,6.912,1.343054e-05 ,1.7079302501245839
GRB150206A,-22.252,389.664,37.404,112.404,2.910662e-05 ,1.635423491491969
GRB150204A,0.0,19.0,1.0,15.0,1.460204e-06 ,1.3930612301749434
GRB150203A,-0.804,28.724,0.396,24.832,1.396990e-06 ,1.2124109433574033
GRB150202A,-1.6,26.688,-0.768,24.704,1.128789e-06 ,1.6228552226846227
GRB150201A,-3.328,52.624,-2.772,23.82,9.395834e-07 ,0.9131036180343286
GRB150120B,-17.636,10.544,-15.732,8.604,6.682377e-07 ,0.9830601972721043
GRB150120A,-0.404,0.952,-0.312,0.884,2.153127e-07 ,1.259215350382755
GRB150110B,-7.94,3.772,-7.252,3.328,7.074845e-07 ,1.1643144682624684
GRB150103A,6.056,64.68,10.6,59.688,1.587983e-06 ,1.4793467557619426
GRB150101B,0.0,0.016,0.0,0.012,1.404333e-09 ,0.6409142214053188
GRB150101A,0.0,0.068,0.004,0.064,3.226257e-09 ,0.6001225636713113
GRB141229A,0.0,6.4,0.0,6.4,,
GRB141225A,5.432,130.284,6.668,92.816,5.781259e-06 ,1.9582134493269814
GRB141221A,-24.112,20.332,-21.152,15.664,3.275398e-06 ,1.2589543703809147
GRB141220A,-0.908,7.296,-0.424,6.808,5.230529e-06 ,1.7244876440743617
GRB141212B,-0.06,12.136,0.76,11.268,2.152285e-06 ,1.538473091253636
GRB141212A,0.0,0.336,0.0,0.288,1.207311e-07 ,1.5341924458247305
GRB141205A,0.0,2.624,0.128,1.792,2.674076e-07 ,2.577270412239929
GRB141130A,-42.748,40.016,-38.936,23.92,4.737405e-06 ,1.4230816333203533
GRB141121A,110.328,663.04,163.78,644.784,6.653795e-06 ,1.2893177525967896
GRB141109B,-182.784,44.408,-179.432,41.072,1.049031e-06 ,1.0678248749516621
GRB141109A,0.596,323.152,16.92,217.108,1.173558e-05 ,1.4602598801741073
GRB141102A,0.0,14.4,0.0,14.4,,
GRB141031B,1.048,18.308,1.728,17.352,4.779261e-07 ,1.9103372539046952
GRB141031A,-18.424,893.576,-18.424,445.576,6.953050e-06 ,1.844548546982733
GRB141026A,13.956,180.892,21.74,161.216,1.571543e-06 ,0.8717057949200769
GRB141022A,-0.384,9.172,-0.06,8.656,9.491310e-07 ,1.982577091772368
GRB141020A,-7.648,11.192,-5.788,9.108,6.910045e-07 ,1.2759975573166746
GRB141017A,-1.22,65.576,0.776,56.584,5.304280e-06 ,1.4102961764815078
GRB141015A,0.0,13.0,0.0,11.0,2.332402e-07 ,1.3872667631621014
GRB141005A,0.192,4.368,0.416,3.888,2.283392e-06 ,1.938339933303508
GRB141004A,-0.844,5.344,-0.344,3.58,9.762931e-07 ,1.1572308874710768
GRB140930B,-0.096,0.86,-0.064,0.78,1.385377e-06 ,2.9979209307895025
GRB140927A,0.428,8.696,2.176,8.432,3.991080e-07 ,1.3583452048119269
GRB140919A,-0.744,172.328,3.064,155.368,9.880229e-06 ,1.3414046717130865
GRB140916A,-0.904,79.064,1.24,70.216,1.931377e-06 ,1.0698921195744269
GRB140909A,,,,,,
GRB140907A,-95.344,48.656,-63.344,16.656,7.329300e-06 ,1.3279757327255484
GRB140903A,-0.012,0.348,0.004,0.3,1.854567e-07 ,1.0806121916506655
GRB140901B,0.0,6.4,0.0,6.4,1.155051e-06 ,2.151244359074314
GRB140828A,-6.708,18.316,-4.54,14.608,2.296558e-06 ,1.300649349956863
GRB140824A,0.264,3.64,0.372,3.456,2.514852e-07 ,1.1308369243511995
GRB140818B,-3.32,31.944,-2.872,28.68,9.628804e-07 ,1.3295356935836555
GRB140817A,-20.328,298.576,-4.396,253.948,8.117169e-06 ,1.514432607786285
GRB140730A,-14.808,29.736,-13.4,27.496,3.596833e-07 ,0.9098294232525261
GRB140719B,-16.968,48.032,-12.968,41.032,1.996703e-06 ,1.3540979245214844
GRB140719A,-31.488,16.512,-31.488,16.512,6.839923e-07 ,1.38350313243577
GRB140716A-2,0.0,136.0,4.8,129.6,5.177038e-06 ,1.390080552793674
GRB140716A-1,0.0,136.0,4.8,129.6,1.191239e-06 ,1.6687832619824352
GRB140713A,-0.108,6.676,0.036,6.052,5.372369e-07 ,1.2049805359351404
GRB140710A,-0.288,3.712,-0.288,2.712,3.083756e-07 ,1.1152188712373703
GRB140709B,-18.496,200.72,-6.232,150.5,9.111934e-06 ,1.7832415567065287
GRB140709A,-46.08,85.592,-32.492,72.7,9.062036e-06 ,1.3253180947338257
GRB140706A,-21.264,37.48,-14.392,33.452,3.003751e-06 ,1.2511229061143792
GRB140703A,-2.524,135.016,-0.068,68.576,6.132431e-06 ,1.3343200822141696
GRB140629A,-6.184,48.664,-3.624,34.648,3.351711e-06 ,1.1788802742919873
GRB140628A,-1.24,11.116,-0.364,10.176,2.277658e-06 ,1.4314956444136442
GRB140626A,-8.46,9.084,-7.872,8.288,5.683942e-07 ,1.1909132581235398
GRB140622A,-0.024,0.128,-0.012,0.12,1.394292e-08 ,0.6616068802120524
GRB140619A,32.308,335.988,79.112,312.16,3.634836e-05 ,1.3885451899801555
GRB140614B,-3.284,55.676,-1.168,48.704,7.809936e-07 ,1.1126785727001027
GRB140614A,-4.464,92.356,10.416,87.808,1.836560e-06 ,1.572823377493195
GRB140611A,0.0,3.2,0.0,3.2,,
GRB140610A,-6.668,105.708,-1.636,91.616,1.005070e-05 ,1.3915214183030002
GRB140607A,-17.8,85.656,-14.088,80.68,3.255595e-06 ,1.3708500565641841
GRB140606A,-0.04,0.352,-0.02,0.32,1.832509e-07 ,3.934323273829984
GRB140529A,0.0,13.088,0.32,8.464,3.285259e-06 ,1.1690684390691943
GRB140521A,0.152,11.452,0.48,10.356,1.736115e-06 ,1.5930152384082827
GRB140518A,-3.98,60.04,-2.648,57.876,1.677937e-06 ,1.151277589402052
GRB140516A,-0.024,0.296,-0.024,0.232,4.326832e-08 ,1.349304709343415
GRB140515A,-22.028,3.764,-20.612,2.804,1.020520e-06 ,1.2540360049948729
GRB140512A,-22.84,178.148,-6.16,147.952,2.563220e-05 ,1.6283581053887894
GRB140509A,-3.808,23.056,-2.832,20.384,2.072412e-06 ,1.5112277575614452
GRB140506A,-0.196,120.176,0.1,111.204,4.561697e-06 ,1.5102887863895729
GRB140502A,-1.664,17.392,-0.952,14.168,1.429068e-06 ,1.8616582812439795
GRB140430A,-0.304,177.576,0.436,174.024,1.547234e-06 ,1.1157322883149734
GRB140428A,-14.192,5.824,-13.28,4.144,5.880903e-07 ,1.6244270730041206
GRB140423A,-130.128,108.912,-50.832,83.312,1.842077e-05 ,1.6450530872965083
GRB140419A,-8.688,125.348,-2.444,77.632,3.493854e-05 ,1.84094190956286
GRB140414A,0.0,0.532,0.016,0.512,3.970193e-07 ,2.8748819632271867
GRB140413A,-49.688,114.392,-29.192,103.784,2.048135e-05 ,1.5338396129982574
GRB140412A,-31.632,16.368,-31.632,16.368,9.586306e-07 ,1.0812841666551378
GRB140408A,-0.68,3.448,-0.54,3.088,5.808979e-07 ,1.679886232743057
GRB140402A,0.0,1.408,0.032,0.928,1.216670e-07 ,2.785735475497137
GRB140331A,72.072,321.168,91.168,300.824,9.922104e-07 ,1.2194948126385228
GRB140323A,-19.208,117.368,-4.152,102.336,2.781762e-05 ,1.4505071936865679
GRB140320A,-0.176,0.464,-0.176,0.336,1.059961e-07 ,2.0941602087594826
GRB140318A,2.244,11.676,3.528,11.132,5.569597e-07 ,1.905329103042903
GRB140311B,,,,,4.534720e-07 ,1.8376805823487548
GRB140311A,-4.456,72.216,-2.2,68.28,3.318452e-06 ,1.420659374768929
GRB140305A,-1.124,22.764,-0.24,20.064,1.032039e-06 ,1.6697062347054006
GRB140304A,-3.82,13.492,-2.192,12.592,2.269170e-06 ,1.715891906357217
GRB140302A,-0.088,116.108,0.64,99.364,6.466602e-06 ,2.0254892691388156
GRB140301A,-19.22,21.58,-7.704,20.1,6.325722e-07 ,1.193878313508611
GRB140215A,-1.472,35.856,-0.304,25.328,1.673856e-05 ,1.97078937250616
GRB140213A,-5.7,82.04,-4.48,55.452,1.802593e-05 ,1.177876902716646
GRB140211A,-19.24,121.808,-14.276,95.256,2.504027e-06 ,1.024920153592358
GRB140209A,0.152,27.624,1.704,22.136,7.676596e-06 ,1.5496377478547207
GRB140206A,-38.304,256.06,1.88,96.068,2.957590e-05 ,1.4350929837973891
GRB140129B,0.076,1.588,0.172,1.532,8.870984e-08 ,1.0235757023067829
GRB140129A,0.992,3.992,0.992,3.992,1.772929e-07 ,1.2423384713100407
GRB140118A,-73.608,29.368,-61.016,23.076,3.714559e-06 ,1.1756822414652839
GRB140114A,19.444,202.52,43.608,183.556,4.251855e-06 ,0.9946721739405965
GRB140108A,-24.908,103.26,-1.516,93.716,1.240104e-05 ,1.4211830124784228
GRB140103A,-12.52,6.936,-11.56,5.784,6.809463e-07 ,0.7475497619014174
GRB140102A,-0.148,131.22,0.456,55.536,1.459504e-05 ,1.5850395299337958
GRB131229A,0.384,96.384,0.384,48.384,1.621217e-05 ,1.9588448048257132
GRB131227A,-1.188,19.228,-0.34,17.648,1.632810e-06 ,1.6877966367186188
GRB131226A,-0.256,8.704,0.38,7.608,7.664927e-06 ,1.5783376592301706
GRB131224B,0.0,9.616,0.308,8.656,3.435456e-07 ,1.0538044734291552
GRB131205A,-0.252,20.508,-0.06,20.284,3.303904e-07 ,1.8358194502581273
GRB131202A,-1.272,35.984,-0.416,29.78,1.051315e-06 ,1.6150651662631743
GRB131128A,-0.904,2.096,-0.904,2.096,4.736103e-07 ,1.2617406700919345
GRB131127A,-60.32,51.288,-57.408,37.564,2.397145e-06 ,0.8504524749947147
GRB131120A,-71.096,64.264,-68.408,62.024,6.580345e-07 ,0.742334921747162
GRB131117A,-0.472,11.944,0.04,10.92,4.455758e-07 ,1.2787628644954223
GRB131110A,0.0,84.8,3.2,80.0,5.534213e-06 ,1.3280366010000946
GRB131105A,6.792,125.336,11.192,123.4,,
GRB131103A,-8.284,10.252,-7.404,7.804,1.222953e-06 ,1.2800003888752511
GRB131031A,0.0,6.4,0.0,6.4,,
GRB131030A,-5.504,143.368,-2.252,37.172,5.892433e-05 ,1.6653677026016904
GRB131024B,-8.28,101.016,-4.776,92.04,3.623683e-06 ,2.358956467670924
GRB131024A,-111.0,17.0,-111.0,1.0,1.777911e-06 ,1.234724586512662
GRB131018A,21.096,117.736,24.808,98.024,1.363128e-06 ,0.9067342371786491
GRB131004A,-0.248,1.8,-0.184,1.352,4.126861e-07 ,1.222981809192229
GRB131002B,-5.616,57.384,-4.616,47.384,9.876214e-07 ,0.9289661868260575
GRB131002A,-0.204,60.728,0.116,56.644,9.274475e-07 ,1.4831328885564325
GRB131001A,0.0,6.0,0.0,5.0,8.150820e-07 ,1.1911871610284896
GRB130929A,-1.928,12.408,-1.48,10.76,9.828996e-07 ,1.1377581308960618
GRB130925A,-59.032,903.952,-48.892,111.404,5.395681e-05 ,0.9848274009045841
GRB130919A,-20.152,108.068,-7.176,92.508,2.646538e-06 ,1.526862808407104
GRB130913A,0.0,44.8,1.6,43.2,3.471424e-07 ,3.450325009611093
GRB130912A,0.004,0.32,0.016,0.3,3.749188e-07 ,1.983170766238702
GRB130907A,-73.736,767.288,-40.244,324.124,2.946596e-04 ,1.7830768850356442
GRB130831B,-13.912,30.552,-11.336,26.248,2.236915e-06 ,1.358032011000602
GRB130831A,-1.856,41.376,0.612,30.804,9.181110e-06 ,1.0802892323117061
GRB130829A,28.096,92.132,32.9,84.784,2.480455e-06 ,1.7013748878204233
GRB130822A,-0.004,0.044,-0.004,0.04,1.954165e-08 ,1.579064968790093
GRB130816B,-3.736,7.668,-3.164,5.512,4.246438e-07 ,1.2481017564664871
GRB130816A,-28.056,2.584,-27.772,2.204,6.221265e-07 ,1.3501126230552705
GRB130812A,-0.332,8.46,-0.028,7.6,7.400953e-07 ,0.78438614724197
GRB130807A,-6.836,319.196,-2.52,290.52,3.622160e-06 ,1.3912331808541907
GRB130806A,-4.508,1.756,-4.248,1.532,1.992745e-07 ,0.8741379478890708
GRB130803A,0.14,45.76,0.68,44.252,2.283890e-06 ,1.3992008210015985
GRB130727A,-1.076,24.38,0.916,14.48,6.220545e-06 ,1.3102078695420865
GRB130725B,-0.384,5.896,0.048,4.824,4.629133e-07 ,0.8782132254663673
GRB130725A,-9.832,103.4,-4.424,97.096,1.629395e-06 ,1.5755426630819303
GRB130722A,-3.964,252.992,7.036,105.404,2.367463e-05 ,1.4955814449379308
GRB130719A,-5.404,158.944,7.292,154.26,3.356120e-06 ,1.3836299296391077
GRB130716A,0.02,106.756,0.116,87.788,6.536186e-07 ,2.6988576664978114
GRB130708A,0.0,11.2,0.0,11.2,2.571011e-06 ,2.2444498140449145
GRB130701A,-1.14,5.352,-0.396,3.984,7.617959e-06 ,1.3807656032990367
GRB130627B,-15.376,48.624,-15.376,32.624,1.268616e-06 ,1.3211739931483895
GRB130627A,-10.28,10.04,-8.168,9.88,1.176071e-06 ,1.4472047401787234
GRB130626A,-0.012,0.18,0.0,0.16,1.276560e-07 ,1.994619236501995
GRB130625A,-29.368,28.388,-23.596,17.676,3.450779e-06 ,1.5873406799116063
GRB130623A,0.0,19.984,0.56,18.176,1.244502e-06 ,1.3217819004141778
GRB130615A,25.572,386.864,32.74,365.296,3.024600e-06 ,1.0275907580557917
GRB130612A,-0.832,3.168,-0.832,3.168,3.850260e-07 ,1.1772261468677918
GRB130610A,-7.04,62.44,-3.964,43.76,5.191703e-06 ,1.740805077990842
GRB130609B,-7.836,309.86,0.192,211.364,3.476299e-05 ,1.761001376312589
GRB130609A,-1.18,7.284,-0.568,6.488,8.285442e-07 ,1.156351716514156
GRB130608A,-135.196,21.728,-132.156,19.696,1.003651e-06 ,0.8178990055402893
GRB130606A,-1.344,296.912,0.496,277.152,4.829847e-06 ,1.4994778528434776
GRB130605A,-1.816,12.008,-1.24,8.936,3.767281e-06 ,1.4537844217269695
GRB130604A,-0.444,95.768,1.44,77.724,2.534079e-06 ,1.4023616116410278
GRB130603B,0.008,0.26,0.012,0.188,1.776481e-06 ,2.3660289066935523
GRB130603A,-20.812,104.98,-8.928,60.2,2.806407e-06 ,1.1923673966237063
GRB130529A,36.128,146.46,42.408,130.0,2.089852e-06 ,1.4285320602597624
GRB130528A,-9.528,710.472,-9.528,630.472,9.750629e-06 ,1.4398920105555137
GRB130527A,-11.8,164.2,-11.8,52.2,2.920671e-05 ,1.8671542620062962
GRB130521A,-0.644,12.64,-0.328,10.628,5.605677e-07 ,1.0455630588594602
GRB130518B,0.0,8.0,0.0,8.0,1.081628e-06 ,1.7316891017600382
GRB130518A,0.0,91.2,4.8,86.4,,
GRB130515A,-0.036,0.332,-0.016,0.28,4.438518e-07 ,2.7046435784066296
GRB130514A,-7.088,273.644,0.82,215.012,1.380869e-05 ,1.2204783360612579
GRB130511A,-0.072,2.832,-0.012,2.728,3.359283e-07 ,1.8691761190480622
GRB130508A,10.152,58.728,11.352,54.264,9.016905e-07 ,1.2891099745962824
GRB130505A,-3.032,363.256,-1.144,88.2,5.452246e-06 ,1.3179229271584683
GRB130504A,-31.064,99.624,-28.312,91.72,1.983972e-06 ,1.4614705278070306
GRB130502A,-0.196,10.204,-0.1,7.468,6.286853e-07 ,1.2749412869235093
GRB130427B,-0.616,29.496,-0.056,25.848,2.392108e-06 ,1.4272170960645856
GRB130427A,-51.152,660.04,-47.012,197.32,8.161724e-04 ,1.8004448073445642
GRB130420B,-4.616,16.048,-2.248,10.388,1.371104e-06 ,1.6480488963648736
GRB130420A,-14.988,188.128,37.312,158.448,9.666069e-06 ,0.9048364237248354
GRB130419A,30.088,169.508,35.852,121.436,1.587314e-06 ,1.8111314946374721
GRB130418A,-40.172,272.972,-36.42,238.504,2.360604e-06 ,1.0465738293121747
GRB130408A,0.272,4.928,0.448,4.688,3.718973e-06 ,2.2504010198041806
GRB130327A,-2.296,5.744,-1.892,4.48,2.909284e-07 ,1.056185095398108
GRB130315A,1.624,267.996,7.636,238.144,7.060317e-06 ,1.2699008095244553
GRB130313A,0.012,0.216,0.02,0.192,5.196731e-08 ,1.7494033347993634
GRB130306A,-159.472,154.176,-154.708,117.672,4.578108e-05 ,1.2239961078344364
GRB130305A,0.0,57.6,1.6,54.4,,
GRB130216B,0.0,17.6,0.0,17.6,2.951577e-06 ,1.095973370637039
GRB130216A,-6.16,4.308,-3.268,3.252,5.932076e-06 ,1.6148044338247831
GRB130215A,-6.168,73.384,-3.08,63.144,8.993120e-06 ,1.4358527992927743
GRB130211A,-3.404,32.312,-1.424,29.328,9.530407e-07 ,1.2816807662520504
GRB130206A,-8.784,147.216,-4.784,116.216,3.315008e-06 ,1.465683176642437
GRB130131B,-0.28,4.368,-0.068,4.232,7.546511e-07 ,2.0834823036660453
GRB130131A,-0.952,52.068,-0.296,51.228,3.972736e-07 ,1.0950904921076157
GRB130122A,0.192,89.28,1.856,78.4,1.838692e-06 ,2.086988199964695
GRB130102A,15.376,184.332,22.34,155.12,1.444198e-06 ,1.5737649543338763
GRB121229A,-81.668,64.808,-48.92,62.54,1.038670e-06 ,1.044070689879896
GRB121226A,-0.364,0.796,-0.304,0.708,2.511181e-07 ,1.7078116868308257
GRB121217A,-17.732,783.76,-11.632,766.46,1.066187e-05 ,1.4433113081704623
GRB121212A,-1.484,6.628,0.052,6.108,1.610712e-07 ,0.8590137417737882
GRB121211A,-0.356,196.772,1.0,183.696,1.568941e-06 ,0.9525330037929438
GRB121209A,-2.16,44.716,-0.02,42.9,5.343275e-06 ,1.5699292569918155
GRB121202A,-2.184,19.008,-1.336,18.2,1.887952e-06 ,1.4122447233251736
GRB121201A,-24.0,22.0,-23.0,15.0,1.045509e-06 ,1.1976506475576887
GRB121128A,-0.004,41.688,13.092,36.52,8.892052e-06 ,1.1276391040187224
GRB121125A,-6.852,79.964,0.392,52.644,8.136353e-06 ,1.4575046993545464
GRB121123A,-6.24,419.228,42.652,368.744,2.064808e-05 ,1.2407096165984992
GRB121117A,-4.848,24.756,-1.42,21.88,2.275997e-06 ,1.82641690807064
GRB121108A,-0.224,137.976,0.944,90.492,1.171273e-06 ,0.9130614301382919
GRB121102A,-0.296,74.916,1.62,56.3,2.990857e-06 ,1.1569908771889892
GRB121031A,-209.004,98.308,-198.368,27.832,1.396023e-05 ,1.4459389166653192
GRB121028A,-0.808,2.476,-0.596,2.28,5.275615e-07 ,1.3536295534039013
GRB121027A,-9.34,135.356,-4.548,75.54,3.279280e-06 ,1.2024582041988157
GRB121024A,-8.296,74.072,-7.336,60.632,2.176101e-06 ,1.8364958104583322
GRB121017A,-2.716,2.564,-2.304,2.304,1.011239e-06 ,1.3185600513612254
GRB121014A,-15.208,64.792,-15.208,64.792,1.545326e-06 ,1.2007978088238753
GRB121011A,-7.452,109.584,-4.572,92.664,5.016673e-06 ,1.9383849151390236
GRB121001A,-27.728,142.968,-22.788,125.036,3.330377e-06 ,1.72623534735336
GRB120927A,-37.94,31.128,-14.772,20.284,4.087610e-06 ,1.3599096301844849
GRB120923A,-2.928,26.644,-1.264,24.812,5.836485e-07 ,1.3276384131869123
GRB120922A,-22.58,215.728,-14.424,153.8,7.559343e-06 ,1.0428933531195592
GRB120918A,-2.86,23.916,-1.852,23.244,5.172262e-06 ,1.4006190290356615
GRB120913B,-50.604,111.856,-31.068,91.52,1.818793e-05 ,1.3224826100747231
GRB120913A,-0.72,39.8,0.452,36.496,1.123413e-06 ,0.9537177889872439
GRB120911A,-1.624,24.1,-1.128,20.34,1.664297e-06 ,1.3425803620807073
GRB120909A,-31.46,566.708,253.228,473.824,1.442136e-05 ,1.649225663173307
GRB120907A,-0.024,6.936,0.12,6.2,9.537824e-07 ,1.426823001821834
GRB120819A,4.42,83.012,5.664,76.684,2.519459e-06 ,1.6794613092855328
GRB120817B,0.0,0.108,0.008,0.08,,
GRB120817A,-2.248,30.776,-1.528,26.68,9.583563e-07 ,1.106674546266383
GRB120816A,0.28,5.064,0.568,5.0,4.310634e-07 ,0.8731321028755268
GRB120815A,-0.244,11.968,-0.008,7.224,6.025397e-07 ,0.9269367266589654
GRB120811C,-9.676,31.388,-4.012,20.332,4.183780e-06 ,1.034856150176277
GRB120811A,-14.2,22.184,-11.576,17.432,1.048848e-06 ,1.1054266638007468
GRB120807A,-0.244,24.156,0.792,20.676,4.333711e-07 ,1.3297501157442344
GRB120805A,-13.392,34.608,-13.392,34.608,1.792880e-06 ,2.1262293265368313
GRB120804A,-0.164,0.832,-0.08,0.728,1.720796e-06 ,1.6735545996541366
GRB120803B,-2.672,52.056,-0.144,38.868,3.698499e-06 ,1.649605400520701
GRB120803A,1.096,11.088,1.652,10.54,7.230735e-07 ,2.7845840519731744
GRB120802A,-35.68,27.952,-31.6,18.688,2.549893e-06 ,1.1784740384799546
GRB120729A,-3.1,141.792,-1.392,92.536,4.158804e-06 ,1.3721449571826805
GRB120728A,-0.04,24.136,1.24,22.216,3.650870e-06 ,1.2680897909088773
GRB120724A,-20.052,78.58,-16.712,61.212,9.446459e-07 ,0.863395750818178
GRB120722A,-7.8,35.144,-4.12,32.2,1.811307e-06 ,1.1297176608410522
GRB120714B,-24.16,151.248,-14.808,142.504,2.174351e-06 ,1.5365617452262386
GRB120714A,-1.192,22.808,-0.192,19.808,1.431104e-06 ,1.3968187241023267
GRB120712A,-4.572,16.528,-2.448,12.36,3.555679e-06 ,1.6340672391176307
GRB120711B,-12.088,51.4,-11.064,49.032,9.235389e-07 ,1.468114204212924
GRB120703A,-44.496,32.604,-31.304,20.4,6.349571e-06 ,1.3848105690151646
GRB120701A,-0.016,15.356,0.468,14.628,3.674378e-06 ,2.196493727615461
GRB120630A,-0.032,0.608,-0.012,0.584,1.460865e-07 ,2.7782422956043913
GRB120624B,-15.124,192.772,7.164,186.828,6.749234e-05 ,1.8829113404243658
GRB120612A,16.972,125.364,22.824,113.108,2.502876e-06 ,1.7373211404704358
GRB120521C,-1.032,31.864,-0.312,26.756,1.946059e-06 ,1.350952251172281
GRB120521B,0.352,170.048,3.392,150.224,4.431205e-06 ,1.9435241039223008
GRB120521A,-0.008,0.568,-0.008,0.504,1.936032e-07 ,2.332974536377921
GRB120514A,-8.752,165.552,-6.464,157.88,4.759567e-06 ,1.435819917434592
GRB120422A,0.864,63.264,1.184,61.536,4.436337e-07 ,1.3089407938516358
GRB120404A,-7.308,38.452,-4.424,34.3,2.304974e-06 ,1.1890490776510931
GRB120403B,-2.96,5.328,-2.6,4.684,3.143183e-07 ,1.4119844341390824
GRB120403A,-0.052,1.54,0.044,1.44,1.797393e-07 ,1.6177080910186732
GRB120401A,-92.972,52.716,-87.16,43.112,1.444340e-06 ,1.3978473335147035
GRB120328A,-17.26,20.548,-15.9,14.028,6.908545e-07 ,1.229702996186434
GRB120327A,-15.788,74.576,-6.992,56.54,6.265651e-06 ,1.4503408059257799
GRB120326A,-68.984,21.592,-55.232,14.248,3.676820e-06 ,1.0469115158274571
GRB120324A,-150.512,142.456,-42.168,76.256,2.002431e-05 ,1.660351743062835
GRB120320A,-0.016,29.856,0.848,25.824,1.045744e-06 ,1.5146417040579712
GRB120312A,-1.424,15.912,0.016,14.172,8.902030e-07 ,1.4200052782385764
GRB120311B,-15.044,22.652,-9.872,19.816,1.460029e-06 ,1.1222250941429628
GRB120311A,-1.376,3.228,-0.952,2.528,3.632832e-07 ,0.883039299467694
GRB120308A,-24.752,58.204,-19.464,41.792,1.829906e-06 ,1.3061407078238982
GRB120305A,0.0,0.128,0.004,0.104,4.957468e-07 ,2.135600102513407
GRB120302A,0.0,52.8,1.6,51.2,1.046877e-06 ,3.1319151750688783
GRB120229A,-0.008,0.268,0.016,0.252,8.230555e-08 ,1.9146088784960535
GRB120224A,-1.416,6.584,-1.416,5.584,2.619027e-07 ,0.987643127124057
GRB120219A,-11.364,86.824,-8.736,83.792,1.178982e-06 ,1.5892789658489304
GRB120218A,-26.696,8.312,-24.328,7.048,,
GRB120215A,-1.192,8.784,0.364,8.288,4.068051e-07 ,1.4079264757035557
GRB120213A,-6.312,74.46,-3.432,37.596,2.233522e-06 ,0.8047480499857103
GRB120212A,-0.624,5.376,-0.624,4.376,6.347916e-07 ,1.0677261269854372
GRB120211A,-2.296,71.688,-0.376,63.944,1.611404e-06 ,1.741686937346549
GRB120121A,-11.004,19.776,-9.628,17.172,2.367547e-06 ,1.8887309112253554
GRB120119A,-13.016,213.984,-1.016,66.984,3.260362e-05 ,1.572462089653874
GRB120118B,-1.944,27.452,1.192,21.496,2.330759e-06 ,1.0077431873962976
GRB120116A,-33.44,26.568,-17.944,20.1,3.610802e-06 ,0.6379547299877119
GRB120114A,0.0,51.2,1.6,49.6,1.640925e-06 ,2.1610266054877263
GRB120106A,-6.284,62.64,-5.344,58.156,1.727012e-06 ,1.5369508018337823
GRB120102A,0.768,53.94,6.528,45.236,7.257662e-06 ,1.3712604063390144
GRB111229A,-0.972,26.26,-0.46,24.912,4.958128e-07 ,1.3575321125566093
GRB111228A,-12.82,115.428,0.86,102.104,1.040227e-05 ,0.8830999031236274
GRB111225A,-10.048,111.232,-7.216,98.512,1.940219e-06 ,1.2982249493577789
GRB111215A,1.616,411.02,7.604,381.424,4.515416e-06 ,1.5021033849245495
GRB111212A,-5.768,62.648,-1.768,54.536,2.281199e-06 ,1.455727591087672
GRB111210A,-2.328,0.36,-2.224,0.292,3.307571e-07 ,1.8484590280950473
GRB111209A,-66.952,914.212,23.144,834.112,6.507484e-05 ,1.4534158597240725
GRB111208A,0.0,184.0,8.0,176.0,1.650975e-06 ,1.6997698809259247
GRB111207A,0.0,16.0,0.0,16.0,3.331510e-07 ,2.0791222699885346
GRB111204A,33.0,81.0,33.0,81.0,6.951706e-07 ,1.3335210983188834
GRB111201A,0.0,20.8,0.0,20.8,7.154712e-07 ,1.4777118543673986
GRB111129A,-6.292,2.692,-6.064,2.412,2.100679e-07 ,0.8633362466558341
GRB111126A,0.0,0.712,0.008,0.68,1.612909e-07 ,2.4129038613273304
GRB111123A,-8.704,481.296,3.296,293.296,1.147324e-05 ,1.3134090774407225
GRB111121A,-0.336,138.264,-0.024,113.308,3.566344e-06 ,1.4022325109284255
GRB111117A,0.024,0.52,0.036,0.5,5.226868e-07 ,3.419398827605203
GRB111109A,-5.6,8.4,-5.6,7.4,3.553596e-07 ,1.283808033399361
GRB111107A,-0.096,37.456,0.768,31.84,1.632713e-06 ,1.5580096329118973
GRB111103B,-6.548,250.78,0.096,144.872,1.477848e-05 ,1.5472847173469546
GRB111103A,-0.416,12.14,-0.016,11.6,2.833281e-06 ,1.7494434306884077
GRB111029A,20.724,29.196,21.196,28.392,5.525174e-07 ,0.9966673539513257
GRB111026A,-0.08,4.052,0.012,3.592,2.665633e-07 ,1.4185674879831631
GRB111022B,-47.832,60.18,-29.444,53.584,1.459591e-06 ,1.4485717272298997
GRB111022A,-17.692,17.592,-14.22,8.6,3.220020e-06 ,1.26604767813535
GRB111020A,-0.04,0.392,-0.008,0.376,1.201472e-07 ,1.8320613606148428
GRB111018A,-4.08,37.296,-0.584,32.124,5.124607e-07 ,1.0346652981779683
GRB111016A,35.444,618.58,46.508,595.504,5.555626e-06 ,1.1303949686470105
GRB111008A,-2.636,68.788,-1.04,61.808,7.736593e-06 ,1.1913514252726363
GRB111005A,-9.0,19.1,-5.724,17.488,7.212674e-07 ,1.002697571800562
GRB110928A,-1.088,27.876,1.772,22.652,1.693669e-06 ,2.529996083146422
GRB110921A,-24.032,13.576,-20.264,12.284,3.530477e-06 ,1.4173274667151254
GRB110915A,-4.884,99.792,0.912,80.48,1.112696e-05 ,1.58412670733048
GRB110827A,-2.884,6.288,-2.524,5.992,3.745106e-07 ,2.0184592221106943
GRB110820A,-3.072,271.324,-1.592,263.024,1.123218e-06 ,1.1724653195949863
GRB110818A,-14.164,117.392,-4.224,98.616,6.737920e-06 ,1.430374601455356
GRB110808A,-0.272,44.768,0.64,41.344,4.840814e-07 ,1.1524443659786716
GRB110801A,-24.088,384.988,-11.7,373.556,6.762223e-06 ,1.1888855228672441
GRB110731A,-1.056,80.272,-0.224,40.72,1.325289e-05 ,1.8615287280267943
GRB110726A,-0.864,5.012,-0.58,4.576,3.573566e-07 ,1.2237981554687163
GRB110719A,-2.364,53.716,-1.02,40.208,2.944612e-06 ,1.3127432848006988
GRB110715A,-3.144,20.856,-0.144,12.856,1.970930e-05 ,1.3212344649933263
GRB110709B,-27.36,855.488,0.108,810.58,4.443770e-05 ,1.5649483532114086
GRB110709A,-4.296,56.476,-0.564,43.764,2.099033e-05 ,1.7405239407532571
GRB110625A,-6.188,140.344,-2.992,39.508,5.194546e-05 ,1.5260194919928836
GRB110610A,-11.088,59.404,-5.14,44.304,8.683755e-06 ,1.4716342762818815
GRB110604A,,,,,,
GRB110530A,-48.864,17.376,-40.672,15.056,7.038503e-07 ,1.2744417388991849
GRB110521A,0.568,108.568,1.568,97.568,1.987713e-06 ,3.181120539344357
GRB110520A,-1.152,26.496,-0.192,20.672,2.484421e-06 ,1.8767656079209603
GRB110519A,-4.148,37.76,-2.616,24.568,5.240921e-06 ,0.9709348082909063
GRB110503A,-6.576,203.588,-1.648,57.052,2.339499e-05 ,1.7479136200951084
GRB110422A,-11.156,36.76,-5.604,20.18,7.575946e-05 ,
GRB110420B,-0.004,0.1,0.0,0.084,1.250326e-07 ,2.2956196489021092
GRB110420A,-0.104,21.816,1.428,15.296,7.957756e-06 ,0.8572351456746952
GRB110414A,-38.0,133.296,-34.332,118.784,5.585312e-06 ,1.3646776931556444
GRB110412A,13.656,40.888,14.6,38.6,3.097331e-06 ,1.5013088482595112
GRB110411A,-16.912,86.308,-7.6,71.8,4.683167e-06 ,1.0076051164713669
GRB110407A,-2.9,178.516,2.356,157.924,2.947931e-06 ,1.2941363731203608
GRB110402A,-0.376,62.536,2.536,58.744,5.533879e-06 ,1.5087940952005978
GRB110319B,0.0,35.704,1.08,29.552,2.593870e-06 ,1.6337668144624895
GRB110319A,-0.252,31.072,1.996,22.676,1.836292e-06 ,0.7069683332321798
GRB110318B,-1.692,3.688,-1.44,3.348,6.664572e-07 ,2.1288243808059186
GRB110318A,-12.988,10.604,-6.86,9.1,8.629545e-06 ,1.3838207282383144
GRB110315A,-66.764,38.84,-60.636,27.04,6.222486e-06 ,1.2301552728534617
GRB110312A,24.728,64.776,26.776,61.912,9.848555e-07 ,0.9190732354939422
GRB110305A,-0.936,12.064,-0.936,11.064,1.340243e-06 ,1.4986148279164775
GRB110223B,-45.792,19.312,-44.836,16.612,9.910622e-07 ,1.4273485290363024
GRB110223A,0.08,8.08,0.08,7.08,2.809635e-07 ,1.6543980259296247
GRB110213A,-31.192,32.808,-31.192,16.808,8.813126e-06 ,1.1995820803280048
GRB110212A,-1.764,2.588,-1.344,2.356,3.710555e-07 ,1.1389379168180165
GRB110210A,-107.256,103.672,-101.832,91.056,1.338556e-06 ,1.3843629249606149
GRB110208A,-1.544,17.528,-1.064,14.92,3.267915e-07 ,1.2076748287294232
GRB110207A,-0.088,95.796,0.336,82.916,3.083458e-06 ,1.7452189325921637
GRB110205A,-130.156,377.232,35.688,285.104,2.539279e-05 ,1.288338663180331
GRB110201A,-2.848,14.432,-1.692,12.4,1.628522e-06 ,1.9827597524841003
GRB110128A,-2.536,14.02,-1.48,12.672,1.373157e-06 ,2.3318482785395935
GRB110119A,-86.26,239.708,-6.32,207.608,1.305593e-05 ,1.4822787293670752
GRB110112A,-0.072,0.504,-0.064,0.46,3.872153e-08 ,1.2299573624355122
GRB110107A,0.0,86.0,4.0,81.0,9.376666e-06 ,1.362448318013707
GRB110106B,-30.448,23.504,-22.4,21.024,3.046362e-06 ,1.2138363181013907
GRB110106A,-0.752,2.248,-0.752,2.248,4.053138e-07 ,1.629220603794333
GRB110102A,-58.984,294.824,5.052,270.968,2.802708e-05 ,1.4485055355672434
GRB101225A,,,,,3.100959e-06 ,1.351667855391521
GRB101224A,0.024,0.296,0.036,0.28,1.351945e-07 ,2.49275744512625
GRB101219B,12.008,61.16,16.68,58.536,3.944242e-06 ,1.3677920178059895
GRB101219A,-0.016,1.108,0.004,0.832,1.433925e-06 ,2.795695946503829
GRB101213A,-2.96,197.056,-0.96,130.16,9.254224e-06 ,1.5726058678229344
GRB101204A,0.0,30.4,1.6,28.8,,
GRB101201A,0.0,67.2,3.2,64.0,,
GRB101129A,0.0,0.624,0.048,0.432,4.491740e-07 ,6.8952505576431395
GRB101117B,-0.096,8.18,0.188,5.36,1.942274e-06 ,1.49668385110429
GRB101114A,0.0,8.0,0.0,8.0,9.494502e-07 ,2.000598662894891
GRB101030A,-73.512,50.7,-66.88,31.792,4.603749e-06 ,1.2440275182123701
GRB101024A,-0.252,20.128,0.132,18.824,2.261591e-06 ,1.167857788421625
GRB101023A,-12.308,137.268,0.808,81.632,4.579642e-05 ,1.4072133526405242
GRB101020A,-43.752,164.872,-33.048,139.288,3.392768e-06 ,1.0412139610120108
GRB101017A,-5.488,130.568,-1.872,70.36,3.242486e-05 ,1.5191130794779804
GRB101011A,-0.38,87.072,0.384,71.276,2.893476e-06 ,1.8641028967015207
GRB101008A,-3.112,106.056,-1.832,101.672,1.978621e-06 ,1.5775026001477208
GRB100928A,-0.296,4.424,0.024,4.184,5.872081e-07 ,1.3754029385058786
GRB100924A,-1.76,87.244,0.524,72.472,1.414816e-05 ,1.4470049379843923
GRB100917A,-2.212,66.224,-0.756,63.06,1.411725e-06 ,1.4773719605881568
GRB100915A,-36.304,185.844,-28.264,170.932,2.620587e-06 ,1.582887309543645
GRB100906A,-0.22,130.456,1.728,116.36,1.857187e-05 ,1.2387109352275925
GRB100905A,-1.64,2.14,-1.52,1.876,4.036843e-07 ,2.1673048986251744
GRB100904A,-14.568,23.512,-13.592,17.656,2.038294e-06 ,1.3769235560239876
GRB100902A,-49.428,409.632,-35.972,392.856,4.431158e-06 ,1.0780031218502641
GRB100901A,-2.42,458.424,0.288,436.944,3.679107e-06 ,1.7214326695749373
GRB100823A,-1.172,19.412,-0.452,17.284,5.269816e-07 ,0.9769665871708921
GRB100816A,-0.708,4.52,-0.308,2.576,4.367024e-06 ,1.8570778231709142
GRB100814A,-3.204,244.552,-0.032,177.232,1.614847e-05 ,1.5011011924780675
GRB100807A,-6.08,3.136,-5.184,2.56,4.089333e-07 ,0.9100391737579274
GRB100805A,-1.352,17.108,-0.224,16.512,7.776635e-07 ,1.3625109456015898
GRB100802A,-3.292,531.78,0.256,487.596,5.165769e-06 ,1.2022088737609997
GRB100728B,-1.744,13.2,-1.28,10.8,2.882044e-06 ,1.5053244145173321
GRB100728A,-79.008,333.552,-39.68,153.704,8.469725e-05 ,1.8713720334614368
GRB100727A,-74.608,29.84,-50.684,21.216,1.798086e-06 ,1.2223343828715365
GRB100725B,-4.812,225.256,0.784,174.48,9.715084e-06 ,1.1679114078458985
GRB100725A,-6.56,167.624,-0.252,122.988,4.477835e-06 ,1.8970551811932703
GRB100724A,0.084,1.648,0.148,1.536,2.283004e-07 ,1.1931363042085676
GRB100719A,-3.936,35.064,-3.936,32.064,8.462033e-07 ,1.4436105831647748
GRB100704A,-62.336,202.304,-15.292,181.588,9.233363e-06 ,1.2742070122322198
GRB100702A,-0.304,0.208,-0.304,0.208,2.383087e-07 ,1.4557270972868657
GRB100628A,-0.004,0.036,-0.004,0.032,4.389956e-08 ,2.102858530683065
GRB100625A,-0.068,0.328,-0.048,0.284,6.297746e-07 ,2.320705258205559
GRB100621A,-6.1,204.284,1.216,64.768,2.944258e-05 ,1.0949896182443934
GRB100619A,-2.948,106.536,0.284,97.984,6.675966e-06 ,1.2024583351852893
GRB100615A,-0.044,47.408,1.296,40.116,7.148850e-06 ,1.1254854325058115
GRB100614A,-9.0,282.0,0.0,225.0,3.850640e-06 ,1.1854139689651755
GRB100606A,-0.26,82.928,0.708,68.092,1.243601e-05 ,1.884298947599211
GRB100526B,-26.352,47.648,-22.352,44.648,9.566912e-07 ,1.6893138091774844
GRB100526A,-33.48,80.5,-20.856,76.744,3.644558e-06 ,1.2246444996907886
GRB100522A,-15.144,48.856,-15.144,32.856,2.952908e-06 ,1.1246568364246947
GRB100514A,0.304,30.284,2.248,25.264,5.505434e-07 ,1.1747086023195392
GRB100513A,-52.64,52.344,-39.776,43.72,2.397394e-06 ,1.4343332978036818
GRB100508A,-1.532,58.376,3.532,52.792,1.593490e-06 ,2.043244102788451
GRB100504A,-9.696,102.456,-6.076,90.928,3.580081e-06 ,1.240109248453349
GRB100427A,0.0,24.0,0.0,24.0,3.924917e-07 ,1.44490753185687
GRB100425A,-2.064,39.428,-1.372,37.596,5.463785e-07 ,0.892524295643785
GRB100424A,22.0,147.0,27.0,131.0,2.214369e-06 ,1.2011300102232347
GRB100423A,-1.8,94.816,0.128,78.996,2.093038e-05 ,1.974603685971773
GRB100420A,-0.732,68.62,1.196,64.176,1.001905e-06 ,2.02511647338465
GRB100418A,-1.112,8.304,-0.376,7.552,4.394166e-07 ,0.9943060788796778
GRB100413B,0.0,16.0,0.0,16.0,8.842909e-07 ,1.7949399280377853
GRB100413A,-3.408,223.068,6.484,199.124,1.429415e-05 ,1.9638585061550358
GRB100401A,0.0,3.0,0.0,2.0,5.577651e-07 ,1.334013022627624
GRB100324A,0.0,6.4,0.0,6.4,9.267654e-08 ,1.088629151074653
GRB100322B,0.0,1.0,0.0,1.0,6.289556e-08 ,1.2940461736751543
GRB100316D,-158.968,794.772,269.848,791.728,3.948042e-06 ,0.846174306169817
GRB100316C,-3.028,6.904,-2.652,6.616,3.094259e-07 ,1.5677976524063613
GRB100316B,-0.284,4.112,-0.104,3.732,2.454074e-07 ,0.9125785434370455
GRB100316A,-1.208,6.76,-0.696,6.056,1.491315e-06 ,1.644409630391647
GRB100305A,-9.176,78.184,-0.696,74.92,3.070383e-06 ,1.8120910811638766
GRB100302A,47.644,67.292,48.544,66.492,4.941999e-07 ,1.3565317752850905
GRB100224A,0.0,0.484,0.0,0.484,7.904882e-08 ,2.484848208670926
GRB100219A,12.788,51.82,20.116,47.688,9.163440e-07 ,1.8912546944930344
GRB100216A,0.0,0.272,0.064,0.272,5.139832e-08 ,2.493043989702756
GRB100213B,-6.08,111.088,-1.856,90.0,1.503307e-06 ,0.8903280668151337
GRB100213A,-0.392,2.16,-0.164,2.052,5.423888e-07 ,1.7948987324140881
GRB100212A,-44.116,134.052,-38.292,125.472,1.428755e-06 ,0.9373679077189037
GRB100206A,-0.008,0.124,-0.004,0.112,4.583043e-07 ,2.9499863652225358
GRB100205A,-6.18,23.684,-4.388,21.456,6.159279e-07 ,1.5506724065905173
GRB100203A,0.0,11.2,0.0,11.2,4.062155e-07 ,1.6400230895977208
GRB100119A,-15.76,15.452,-9.276,13.792,3.402701e-05 ,2.080606854473149
GRB100117A,-0.008,0.316,0.004,0.296,2.538897e-07 ,2.609396262949124
GRB100115A,0.0,4.0,0.0,4.0,,
GRB100111A,-9.464,8.536,-7.464,6.536,1.044750e-06 ,1.2774091647104908
GRB091221,-43.584,41.084,-27.744,35.156,9.500567e-06 ,1.3871072545772378
GRB091208B,-0.192,19.312,0.32,15.12,4.891641e-06 ,1.2567527665794538
GRB091208A,-0.888,95.112,-0.888,79.112,4.667789e-06 ,2.2922394432241666
GRB091130B,-28.656,127.388,-5.836,95.924,1.932834e-06 ,1.0176305824730085
GRB091127,-0.372,7.196,-0.116,6.84,1.161799e-05 ,1.0251321362175492
GRB091117,0.0,0.96,0.064,0.704,8.440754e-07 ,4.37562445081166
GRB091112,-10.5,14.744,-7.716,9.804,5.109982e-06 ,2.1763072202189435
GRB091109B,-0.004,0.332,0.012,0.284,6.016712e-07 ,2.7074474814596146
GRB091109A,-0.84,51.752,0.408,48.44,3.284983e-06 ,1.9436594813841828
GRB091104,-1.48,120.52,7.98,115.116,1.181870e-06 ,1.3791454527796572
GRB091102,-0.78,6.632,-0.412,6.236,1.228897e-06 ,2.056126614208155
GRB091029,-1.772,60.196,1.024,40.204,3.613945e-06 ,1.121217923404802
GRB091026,-4.36,215.64,-2.36,171.64,3.208135e-06 ,1.3307605971285408
GRB091024,-15.204,134.984,-5.7,106.58,1.282537e-05 ,1.8353119985497806
GRB091020,-8.476,48.264,-4.084,34.836,6.602970e-06 ,1.4401246610899336
GRB091018,-0.268,7.748,0.24,4.608,1.857153e-06 ,0.8331056250827544
GRB090929B,-9.784,370.9,-2.176,355.184,8.676465e-06 ,1.1889674317458485
GRB090929A,0.0,52.128,0.224,43.472,4.490635e-06 ,1.739722406831038
GRB090927,0.024,2.44,0.104,2.264,2.973903e-07 ,1.2894067613248115
GRB090926B,-21.612,130.34,-16.936,82.348,1.330864e-05 ,
GRB090916,-0.04,68.52,0.136,62.584,1.790486e-06 ,1.956230719743741
GRB090915,0.0,9.6,0.0,9.6,1.941148e-06 ,2.7026519022060644
GRB090912,-2.968,159.104,0.924,136.44,7.613652e-06 ,1.3185598976073987
GRB090904B,-15.168,64.832,-15.168,48.832,2.163416e-05 ,1.4203323938943608
GRB090904A,29.52,186.4,44.164,173.696,4.104336e-06 ,1.0405667753733703
GRB090831C,0.408,81.176,1.112,79.064,7.594341e-07 ,2.285704299952318
GRB090827,0.0,8.0,0.0,8.0,,
GRB090823,0.0,27.2,0.0,25.6,2.384789e-07 ,0.992316331049041
GRB090815C,0.0,0.704,0.0,0.576,1.212446e-07 ,3.327897629577773
GRB090814A,-14.4,72.928,-12.528,65.536,1.839388e-06 ,1.2473260403279165
GRB090813,-0.804,7.324,-0.164,6.98,2.095626e-06 ,1.3188945323796402
GRB090812,-5.44,113.884,-1.748,72.748,1.218009e-05 ,1.777132953575206
GRB090809A,-0.712,9.256,-0.144,8.724,7.120459e-07 ,1.8701226603802783
GRB090807A,-9.452,151.488,-0.444,145.908,2.746668e-06 ,0.9228899482396545
GRB090728,-15.912,64.088,-15.912,48.088,1.542730e-06 ,1.2211806609158034
GRB090727,-1.34,318.884,0.892,302.772,2.957749e-06 ,1.991177273693405
GRB090726,-18.192,47.244,-17.06,39.616,9.674604e-07 ,0.906964306780794
GRB090720A,0.0,4.8,0.0,4.8,,
GRB090715B,-11.648,292.312,-0.716,265.684,9.521900e-06 ,1.3840130067931662
GRB090715A,-15.064,48.936,-15.064,48.936,2.265687e-06 ,2.834783594546525
GRB090712,-112.896,159.752,-82.256,120.644,7.482486e-06 ,1.6672082207794372
GRB090709B,-5.408,27.76,-2.944,24.0,2.688657e-06 ,1.642139381760738
GRB090709A,-67.296,101.472,-1.252,87.492,5.405830e-05 ,1.7623007165532638
GRB090708,0.172,9.552,0.496,9.204,7.276840e-07 ,1.250718798008681
GRB090628,-25.092,3.992,-21.524,3.42,1.340030e-06 ,1.7481954968970075
GRB090621B,-0.028,0.144,-0.012,0.128,2.308651e-07 ,3.0144638867394775
GRB090621A,-31.048,241.748,-1.54,217.696,4.692392e-06 ,1.3251039132430262
GRB090618,-4.996,213.636,10.456,123.796,1.848375e-04 ,1.36219825212212
GRB090607,0.06,2.488,0.084,2.376,2.536347e-07 ,2.180570780492191
GRB090531B,0.252,56.132,0.44,55.436,1.075688e-06 ,1.5825228845658377
GRB090531A,-25.54,34.608,-16.808,25.992,2.774122e-06 ,1.4171963219144303
GRB090530,-0.188,48.36,0.044,40.5,1.867451e-06 ,1.4875448615725406
GRB090529A,-40.576,39.3,-38.26,32.184,1.427047e-06 ,1.1063433539412946
GRB090520,0.0,14.4,0.0,14.4,9.560278e-07 ,3.8908110839257817
GRB090519,-12.4,54.888,-10.864,47.172,3.270774e-06 ,2.6011184666463003
GRB090518,-2.48,93.328,-1.2,84.624,1.138940e-06 ,1.6239774531314102
GRB090516A,-8.544,225.744,-4.272,176.736,1.477763e-05 ,1.3516369219882012
GRB090515,0.008,0.056,0.008,0.044,4.181395e-08 ,1.8174821486521058
GRB090510,-0.128,6.224,-0.016,5.648,1.463897e-06 ,2.370226451366578
GRB090509,-62.396,298.696,-47.464,288.912,5.244057e-06 ,1.4032989145900239
GRB090429B,-4.46,2.48,-3.656,1.924,5.358454e-07 ,1.1605392715729448
GRB090429A,-13.576,203.424,-8.576,175.424,1.901559e-06 ,1.5877792280800158
GRB090426,-0.032,1.34,0.032,1.268,2.721787e-07 ,1.277703214469658
GRB090424,-0.708,102.52,-0.12,49.34,3.842817e-05 ,1.414913889969893
GRB090423,-0.668,11.74,0.308,10.612,1.024264e-06 ,1.2046193797355889
GRB090422,-0.392,8.496,-0.268,8.208,3.789955e-07 ,1.452278867882477
GRB090419,-1.976,525.448,18.656,472.9,5.196849e-06 ,1.7279456086439493
GRB090418B,0.0,89.0,3.0,41.0,2.637424e-05 ,1.2702230728622739
GRB090418A,-8.276,61.132,-2.992,53.312,9.149807e-06 ,1.6545494939521108
GRB090417B,318.376,627.744,332.804,599.744,3.254696e-06 ,1.2184006494444692
GRB090417A,-0.004,0.08,0.0,0.068,1.599556e-08 ,0.7788789921100449
GRB090410,-49.224,139.444,-35.564,129.584,1.343420e-05 ,1.9224721595818384
GRB090407,-17.688,329.352,-12.088,303.384,1.862128e-06 ,1.4926572919463188
GRB090404,-35.172,94.64,-19.472,62.548,3.869320e-06 ,0.8649280799087016
GRB090401B,-0.14,326.136,0.74,187.244,2.168488e-05 ,1.6874848037229244
GRB090401A,-11.948,165.008,13.672,130.676,1.834777e-05 ,1.3315890739903786
GRB090313,-21.256,74.808,-16.264,66.776,2.158752e-06 ,1.2496546589205764
GRB090309A,-0.824,2.176,-0.824,2.176,2.735780e-07 ,2.0339952920841617
GRB090308A,16.596,45.356,17.124,42.22,2.673430e-07 ,0.9758429752137141
GRB090307A,-7.432,16.568,-7.432,14.568,6.688538e-07 ,2.8464269624600904
GRB090306B,0.0,26.0,1.0,22.0,6.105531e-06 ,1.561745289088486
GRB090305A,0.008,0.632,0.044,0.584,2.399300e-07 ,2.8047867739311636
GRB090301A,-17.912,72.224,-1.804,39.568,5.327427e-05 ,1.8276792509016313
GRB090205,-2.92,6.624,-2.604,6.208,2.772876e-07 ,1.1292497257346141
GRB090201,-2.212,83.928,1.444,75.708,5.530888e-05 ,1.5455750487788333
GRB090129,-0.212,26.72,0.396,18.02,3.274812e-06 ,1.1676425716848742
GRB090123,-54.736,117.928,-44.296,93.048,4.880478e-06 ,1.430902358164393
GRB090118,0.0,15.24,0.82,14.344,9.728480e-07 ,1.8538308982155205
GRB090113,-0.92,9.952,-0.092,9.004,1.346417e-06 ,1.4650753794829114
GRB090111,-2.88,26.036,-1.632,23.628,8.208774e-07 ,0.8908816027707602
GRB090107A,0.304,12.896,0.496,12.58,3.768475e-07 ,1.5414875271930315
GRB090102,-14.256,22.752,-11.696,16.624,1.396462e-05 ,1.6911803013750335
GRB081230,-14.432,62.428,-0.904,59.788,1.219664e-06 ,1.153293510406014
GRB081228,-0.128,2.872,-0.128,2.872,1.269349e-07 ,1.1938228707217835
GRB081226A,-0.052,0.452,-0.028,0.408,1.700829e-07 ,1.8644901406470813
GRB081222,-1.328,63.672,0.672,33.672,9.784606e-06 ,1.5429079395237335
GRB081221,-0.284,112.316,4.616,38.524,2.988191e-05 ,1.2102083061797482
GRB081211B,0.0,70.4,3.2,67.2,7.103670e-07 ,1.542445870951372
GRB081211A,-1.08,2.752,-0.892,2.532,1.631832e-07 ,1.080338843144365
GRB081210,-12.868,142.98,-8.776,137.132,3.548604e-06 ,1.6626848152649587
GRB081203B,0.0,177.6,8.0,169.6,4.420450e-06 ,1.3369341449153176
GRB081203A,-68.88,405.12,-14.88,208.12,1.451872e-05 ,1.5457526289512191
GRB081128,-68.98,62.66,-48.804,53.512,3.685496e-06 ,1.1421417287486433
GRB081127,-10.712,8.536,-9.22,8.08,5.398718e-07 ,1.1379937084935339
GRB081126,-21.528,56.912,-17.784,39.864,7.401974e-06 ,1.8073401181833686
GRB081121,-5.304,14.456,-3.432,14.088,1.182952e-05 ,2.0665689310586868
GRB081118,9.884,79.836,20.28,73.684,1.542296e-06 ,1.0070941595750342
GRB081109A,-80.752,299.776,-36.256,185.232,6.651578e-06 ,1.3767023448509963
GRB081105A,0.0,9.6,0.0,9.6,,
GRB081104,-23.696,57.304,-14.696,49.304,2.947101e-06 ,1.1263412497812433
GRB081102,-20.076,45.812,-17.34,32.98,3.663022e-06 ,1.35338035258777
GRB081101,0.0,0.22,0.016,0.196,1.695090e-07 ,2.2386706005532977
GRB081029,-36.256,270.244,-24.064,251.04,4.024765e-06 ,1.7043543781283073
GRB081028A,29.344,397.088,50.648,335.072,6.001140e-06 ,1.2230100099291656
GRB081025,0.0,25.172,1.848,24.608,4.573759e-06 ,2.0683777054204175
GRB081024A,-1.656,0.268,-1.624,0.2,2.915447e-07 ,2.1528811410693196
GRB081022,-4.928,213.82,11.488,169.068,4.281923e-06 ,1.3933816065828195
GRB081017,,,,,2.343813e-06 ,1.4845001689229582
GRB081016B,-0.02,2.956,0.232,2.848,3.150888e-07 ,3.0234289730164576
GRB081012,-23.46,9.32,-21.084,7.888,2.878120e-06 ,2.3842402872119104
GRB081011,0.848,19.088,1.104,18.192,3.642964e-07 ,1.6933239033722796
GRB081008,-65.888,195.912,-43.372,144.452,7.011318e-06 ,1.3527574177393673
GRB081007,-8.672,6.816,-4.0,5.728,8.993348e-07 ,0.824536637244562
GRB080928,51.292,318.94,64.46,298.12,3.778096e-06 ,1.2823011741581338
GRB080919,0.092,0.76,0.12,0.72,1.868988e-07 ,2.546655281249467
GRB080916B,-2.592,35.736,-0.948,32.596,1.181269e-06 ,1.7166431107744295
GRB080916A,-2.4,88.64,-0.576,60.772,7.469340e-06 ,1.4088661999587095
GRB080915B,-0.532,6.148,-0.156,3.896,1.529278e-06 ,1.0712970422006083
GRB080915A,-2.672,26.72,-0.816,25.472,4.912580e-07 ,1.623528743282952
GRB080913,-3.772,4.556,-3.28,4.176,1.230611e-06 ,1.9663015182749748
GRB080906,-104.996,109.556,-67.732,80.48,6.403977e-06 ,1.4692643980961462
GRB080905B,-0.728,149.692,0.412,121.348,2.929057e-06 ,1.3821016131231671
GRB080905A,0.04,1.128,0.048,1.064,4.071729e-07 ,2.8459668876341917
GRB080903,-10.544,68.008,-7.744,58.596,2.547981e-06 ,1.3322327355034815
GRB080822B,,,,,2.206276e-07 ,1.0989552801978264
GRB080810,-20.496,106.492,-6.224,101.444,9.523876e-06 ,1.7258783854607738
GRB080805,-6.512,131.472,-1.072,105.552,4.646105e-06 ,1.4648395157970313
GRB080804,-0.352,112.856,0.78,38.652,8.838457e-06 ,2.0361050858222414
GRB080802,-26.552,179.72,-16.904,162.6,2.155406e-06 ,1.3926433046466504
GRB080727C,-3.3,110.248,1.68,79.044,1.151505e-05 ,1.7705568738911457
GRB080727B,-0.236,9.504,0.092,8.756,7.686860e-06 ,1.9973759188586597
GRB080727A,-0.14,5.188,0.06,4.972,2.835922e-07 ,2.1788135513828992
GRB080725,-105.516,50.024,-62.404,30.332,7.168864e-06 ,1.592172148210673
GRB080723A,-0.232,18.708,0.04,17.376,5.365621e-07 ,1.3709130621998202
GRB080721,-10.248,360.136,-8.088,121.608,3.507931e-05 ,1.9444199854019935
GRB080714,-3.812,32.212,-2.54,23.272,4.685474e-06 ,1.5469988496239233
GRB080710,-96.216,66.548,-90.62,52.368,2.794052e-06 ,1.6751740931404122
GRB080707,-1.824,31.268,-1.212,28.952,9.889327e-07 ,1.34775241908489
GRB080703,-1.704,2.208,-1.472,2.044,3.806789e-07 ,1.7204814439950755
GRB080702B,0.0,18.292,0.644,16.056,1.023467e-06 ,1.8024782726582378
GRB080702A,-0.048,0.528,-0.048,0.464,7.982012e-08 ,2.3202260930730625
GRB080701,-2.728,22.46,-2.076,15.74,9.662693e-07 ,0.9979989627737424
GRB080623,-0.672,15.972,-0.16,14.936,2.168819e-06 ,1.8240646897298212
GRB080613B,-5.284,129.836,-1.376,78.072,1.125888e-05 ,1.637909191611811
GRB080607,-5.96,155.84,-2.996,75.976,5.177600e-05 ,1.7342033111163693
GRB080605,-5.532,22.576,-2.804,15.252,2.682322e-05 ,1.6312482419903243
GRB080604,-28.264,58.608,-24.336,53.272,1.261973e-06 ,1.3825787754841883
GRB080603B,-0.116,68.256,0.944,60.068,4.016480e-06 ,1.2460918306304718
GRB080602,-11.488,69.244,-9.756,64.532,6.650969e-06 ,1.801897342713249
GRB080524,0.0,6.4,0.0,6.4,6.654720e-07 ,2.8775306040872852
GRB080523,-15.112,32.888,-15.112,32.888,1.573335e-06 ,1.8171053601806761
GRB080520,-0.312,3.324,-0.132,3.192,6.208030e-08 ,0.6617137619341228
GRB080517,-0.764,68.388,0.544,65.052,1.086481e-06 ,1.8438264622236724
GRB080516,0.084,6.056,0.156,5.92,3.969719e-07 ,1.320566105597534
GRB080515,-10.64,17.088,-6.0,14.864,3.279064e-06 ,0.9541133729293558
GRB080506,19.068,188.82,31.68,183.88,1.993552e-06 ,1.313802557751168
GRB080503,-2.192,221.808,-2.192,173.808,2.948819e-06 ,1.1638581490527509
GRB080430,-0.3,17.364,0.376,14.248,1.816063e-06 ,1.2513538105002295
GRB080426,-0.148,2.088,-0.024,1.708,5.319757e-07 ,1.1328695608198134
GRB080413B,-1.264,10.736,-1.264,6.736,5.186462e-06 ,1.2381405444843092
GRB080413A,-0.08,50.336,1.116,47.476,6.131022e-06 ,1.4287286062143338
GRB080411,-0.272,77.276,4.72,61.048,4.216206e-05 ,1.2668936022894797
GRB080409,-13.1,10.412,-12.764,9.892,8.399098e-07 ,1.0867507256019644
GRB080405,0.0,72.0,3.2,67.2,2.809868e-06 ,1.7875165708593903
GRB080330,-0.548,62.12,-0.08,60.284,3.299284e-07 ,0.8518833459780089
GRB080328,-2.244,120.62,0.084,91.192,1.783946e-05 ,1.5489239826782768
GRB080325,-33.336,170.028,-26.944,139.796,8.564676e-06 ,1.5059132834502063
GRB080320,-1.672,13.848,-1.124,12.692,4.674463e-07 ,1.471905658462203
GRB080319D,4.984,34.476,7.232,34.172,4.867935e-07 ,1.429025209900655
GRB080319C,-0.328,43.42,0.212,29.764,7.135065e-06 ,1.7158919419787086
GRB080319B,-3.844,302.048,5.044,129.904,2.062679e-04 ,1.980341983111265
GRB080319A,-0.376,49.0,1.336,44.952,7.684244e-06 ,1.4842253247359338
GRB080315,,,,,1.708716e-07 ,1.3458297134468293
GRB080310,-71.764,318.396,-57.84,305.372,2.904606e-06 ,0.9271714476807855
GRB080307,-0.44,140.56,2.56,126.56,1.466086e-06 ,1.3756561132286222
GRB080303,-0.204,73.584,0.248,67.836,1.198250e-06 ,1.6632592379428128
GRB080229A,-15.144,80.856,-15.144,48.856,1.356536e-05 ,1.1712778183596777
GRB080218B,-0.848,6.576,-0.528,6.0,7.103591e-07 ,0.8174101536409989
GRB080218A,-12.352,12.752,-11.504,11.296,7.934210e-07 ,1.084501263929175
GRB080212,-62.232,78.112,-54.768,71.544,5.785590e-06 ,1.5082385693060834
GRB080210,-14.264,46.024,-9.968,32.296,2.823029e-06 ,1.2895257852657533
GRB080207,5.16,332.892,30.784,323.244,1.092789e-05 ,1.403427340794687
GRB080205,-10.088,105.384,-5.492,100.804,2.828668e-06 ,1.0900086384185994
GRB080130,0.0,67.2,3.2,64.0,1.796426e-06 ,1.9589803257204044
GRB080129,-3.456,52.432,-1.444,48.736,1.723789e-06 ,2.0193417891370413
GRB080123,0.012,121.132,0.028,114.94,7.379622e-07 ,1.2747063455736123
GRB080121,0.0,0.496,0.048,0.368,5.502143e-08 ,1.7549309729683213
GRB071227,-0.144,150.552,0.064,142.544,6.727958e-07 ,1.2431966563450856
GRB071129,-5.64,465.08,-0.412,407.668,5.351115e-06 ,1.1865882228505709
GRB071122,-29.412,55.692,-22.588,48.844,1.016692e-06 ,1.5688820226610458
GRB071118,-31.48,87.496,-24.76,80.84,1.157969e-06 ,1.6440316270806168
GRB071117,-0.44,13.884,-0.204,5.872,4.329254e-06 ,1.4476377958056117
GRB071112C,,,,,,
GRB071112B,-0.048,0.272,-0.048,0.256,1.474382e-07 ,3.3528191171483184
GRB071101,-1.552,3.624,-1.316,3.508,9.594099e-08 ,1.3128646898177858
GRB071031,-4.532,192.48,-1.128,179.516,1.082346e-06 ,0.8912092420365862
GRB071028B,0.0,54.4,1.6,52.8,,
GRB071028A,19.24,48.884,20.164,47.02,4.527498e-07 ,1.3415902489827998
GRB071025,38.5,437.28,56.492,297.788,1.149278e-05 ,1.261013992907051
GRB071021,-33.576,250.76,-15.704,213.016,2.188804e-06 ,1.4094193604875576
GRB071020,-3.052,7.532,-2.452,1.848,5.482210e-06 ,1.9459423958059912
GRB071018,119.784,415.956,132.196,405.764,1.775477e-06 ,1.567761847773741
GRB071013,3.6,81.552,4.112,79.696,6.570768e-07 ,1.7580856772993736
GRB071011,-9.472,77.652,-4.228,61.652,4.325516e-06 ,1.5887661886557831
GRB071010C,0.0,12.8,0.0,12.8,,
GRB071010B,-35.74,23.828,-21.464,14.66,6.411174e-06 ,1.0488422347062358
GRB071010A,-1.144,5.876,-0.904,5.42,2.530621e-07 ,1.049155908924753
GRB071008,-11.008,13.568,-8.064,9.92,3.227541e-07 ,1.0477074050553652
GRB071006,0.0,46.4,1.6,44.8,,
GRB071003,-7.568,167.596,-1.48,146.908,1.641777e-05 ,1.6484649798683186
GRB071001,-0.044,61.8,0.92,58.348,1.260084e-06 ,1.3691778508955077
GRB070923,-0.004,0.04,-0.004,0.036,1.155161e-07 ,2.9297448578130867
GRB070920B,-14.12,13.352,-11.208,11.048,1.173110e-06 ,1.149608227998585
GRB070920A,15.18,74.816,16.88,72.64,8.580997e-07 ,1.4942729923201112
GRB070917,-0.104,15.128,0.212,8.932,3.755260e-06 ,1.4630867204521538
GRB070913,-1.584,1.292,-1.496,1.188,3.168975e-07 ,1.805426547102405
GRB070911,-72.268,158.8,-31.312,130.412,1.997377e-05 ,1.2517565819557355
GRB070810B,-0.008,0.076,-0.004,0.068,3.916510e-08 ,2.5451882387137936
GRB070810A,-2.304,10.44,-1.504,7.536,9.004082e-07 ,1.0330465559346242
GRB070809,-0.352,1.12,-0.288,0.992,1.640506e-07 ,1.437639585049378
GRB070808,-0.696,69.192,0.008,58.44,2.371238e-06 ,1.6100896127578204
GRB070805,-0.844,28.668,0.596,27.028,1.100447e-06 ,1.3237318766776662
GRB070802,4.804,22.768,5.54,21.34,4.297307e-07 ,1.3834706590215178
GRB070731,-0.144,2.984,-0.056,2.8,2.810779e-07 ,1.544081351749015
GRB070729,-0.068,1.076,0.02,1.008,2.768255e-07 ,2.706575624290579
GRB070724A,-0.028,0.46,0.004,0.436,4.497072e-08 ,1.3400773943050224
GRB070721B,-6.712,359.92,-4.104,332.76,7.476228e-06 ,1.8230570268692565
GRB070721A,-0.12,3.448,-0.004,3.344,8.817284e-08 ,1.0013593781529202
GRB070714B,-0.792,74.64,-0.496,65.14,1.422276e-06 ,1.7455810861783814
GRB070714A,-0.704,2.296,-0.704,2.296,1.770644e-07 ,0.747463914670865
GRB070704,-57.324,400.776,-53.696,331.24,9.617681e-06 ,1.3351184475385534
GRB070628,-31.736,16.188,-26.116,12.964,5.127632e-06 ,1.1262639443615972
GRB070621,-5.192,36.464,-2.132,31.132,7.674309e-06 ,1.4428129145561985
GRB070616,-6.528,602.396,88.58,495.456,3.299864e-05 ,1.354846320304562
GRB070612B,-13.808,10.192,-9.808,8.192,3.118469e-06 ,1.4674051838235465
GRB070612A,-4.696,417.864,1.176,366.456,1.768233e-05 ,1.3565320254770097
GRB070611,-8.416,7.584,-6.56,6.624,6.486195e-07 ,1.4689941768877413
GRB070531,-2.412,46.34,-1.04,43.58,2.160551e-06 ,1.8330321347513723
GRB070529,2.36,120.888,3.38,112.28,4.770658e-06 ,1.7275474741492838
GRB070521,-14.54,49.732,-1.988,36.64,1.620236e-05 ,1.6330893752824782
GRB070520B,-15.232,96.768,-15.232,80.768,2.423919e-06 ,2.1193866298104527
GRB070520A,17.0,65.0,17.0,65.0,6.066264e-07 ,1.5230352640217286
GRB070518,-1.784,4.504,-1.328,4.176,2.280565e-07 ,1.1246050626365842
GRB070517,0.648,9.176,0.94,8.764,3.114850e-07 ,1.233019565249639
GRB070509,-1.432,7.868,-1.052,6.776,2.368007e-07 ,0.9803023801028927
GRB070508,-15.62,33.116,-0.412,20.488,3.940992e-05 ,1.6141724341146646
GRB070506,3.784,11.184,4.176,10.168,3.577270e-07 ,1.33831941973209
GRB070429B,-0.208,0.328,-0.196,0.292,1.061634e-07 ,1.475027105554816
GRB070429A,-14.0,180.0,-10.0,158.0,1.231266e-06 ,1.0709019687933021
GRB070427,-0.18,13.688,0.64,11.72,9.866803e-07 ,1.0210803571386597
GRB070420,-29.136,100.276,-23.204,53.82,2.549965e-05 ,1.4555264038011326
GRB070419B,-10.344,313.764,-3.532,234.476,1.207589e-05 ,1.309724650178851
GRB070419A,-31.0,161.0,-31.0,129.0,8.001128e-07 ,0.8904718107277744
GRB070412,-4.552,31.188,-3.22,30.656,9.044915e-07 ,1.700630426010947
GRB070411,-47.884,109.536,-25.124,90.568,4.358578e-06 ,1.3372727972543959
GRB070406,0.0,1.28,0.016,0.832,6.264262e-08 ,2.6020776416579503
GRB070330,-1.404,5.716,-1.052,5.588,3.030749e-07 ,1.2214621961621928
GRB070328,-17.968,123.092,-3.808,68.308,1.952617e-05 ,1.7711288758919916
GRB070326,0.0,22.0,1.0,19.0,1.596514e-06 ,2.127992294470395
GRB070318,-1.008,171.536,0.72,131.088,5.017520e-06 ,1.6268968859101964
GRB070306,-118.84,185.256,-61.7,147.544,8.976694e-06 ,1.3619466946731396
GRB070227,0.0,3.2,0.0,3.2,,
GRB070224,-15.0,49.0,-15.0,33.0,4.545796e-07 ,0.9654732412495668
GRB070223,0.536,144.536,0.536,128.536,2.570056e-06 ,1.1548883874310225
GRB070220,-17.12,239.088,-1.264,124.132,2.023947e-05 ,1.5870109387630198
GRB070219,-1.92,19.08,-1.92,16.08,4.934229e-07 ,1.289347499014254
GRB070209,0.0,0.084,0.004,0.072,4.078113e-08 ,2.021249496791142
GRB070208,-15.032,48.968,-15.032,48.968,7.185549e-07 ,1.2571877977585866
GRB070129,-130.612,373.888,-96.712,363.036,4.124974e-06 ,1.0874018030480435
GRB070126,,,,,2.367500e-07 ,1.630046633941876
GRB070125,,,,,,
GRB070110,-2.744,108.176,-0.408,88.02,2.768672e-06 ,1.438599966997301
GRB070107,-20.508,465.324,-15.568,354.732,1.103234e-05 ,1.7717400404787558
GRB070103,-0.104,19.42,0.18,18.588,4.722478e-07 ,1.2103192499176918
GRB061222B,35.112,84.888,41.704,78.952,3.169968e-06 ,1.1090208037375469
GRB061222A,-98.76,117.24,-4.76,95.24,1.677119e-05 ,1.6350088867095272
GRB061218,,,,,4.879102e-08 ,1.004870560636573
GRB061217,0.028,0.284,0.048,0.272,1.368737e-07 ,3.322310222614868
GRB061210,-0.004,89.392,0.008,85.24,1.878484e-06 ,1.6194215682280624
GRB061202,-0.832,147.444,37.212,131.4,5.940748e-06 ,1.4230490119958281
GRB061201,0.0,0.852,0.012,0.788,9.862104e-07 ,2.5669655920201317
GRB061126,-5.208,90.216,-0.968,51.656,1.402101e-05 ,1.7631123734987746
GRB061121,-0.732,121.416,8.912,90.128,2.614782e-05 ,1.5427297892777945
GRB061110B,-16.504,132.676,-14.672,120.576,3.315422e-06 ,2.2105497698986847
GRB061110A,-8.796,44.884,-6.204,38.304,1.837141e-06 ,1.3619778377781926
GRB061102,-0.996,48.8,1.3,46.844,4.972437e-07 ,1.8160165224640339
GRB061028,46.788,166.144,57.02,162.832,1.528038e-06 ,1.4745862769855895
GRB061027,,,,,4.159010e-07 ,1.5121676343310464
GRB061021,-0.008,64.96,1.576,49.396,6.133987e-06 ,1.7110401002506266
GRB061019,-169.224,15.192,-167.752,12.632,3.254625e-06 ,1.2525926986469589
GRB061007,-4.056,248.288,3.628,79.364,1.099936e-04 ,2.0092312701311044
GRB061006,-23.288,137.72,-22.728,107.064,2.213583e-06 ,1.3131674800592426
GRB061004,0.244,8.116,0.84,7.1,8.658751e-07 ,1.2288821324475705
GRB061002,-2.348,16.868,-1.6,16.028,1.082364e-06 ,1.3745170944372636
GRB060929,-4.712,556.12,-2.536,550.424,1.230717e-06 ,1.3364416689892809
GRB060927,-0.992,23.752,-0.08,22.336,2.003732e-06 ,1.3707244581053903
GRB060926,-0.092,10.14,0.224,9.048,2.695973e-07 ,0.7939076772043367
GRB060923C,6.824,86.616,8.856,82.584,1.957665e-06 ,0.9584290912383356
GRB060923B,-0.068,9.888,0.332,9.28,5.723147e-07 ,0.8156431757459146
GRB060923A,-42.252,21.464,-40.736,17.756,1.479298e-06 ,1.3353030528341865
GRB060919,-0.92,9.028,-0.708,8.292,8.011167e-07 ,1.2628739663916202
GRB060912A,-0.56,6.116,-0.116,4.912,2.123471e-06 ,1.2616823475637218
GRB060908,-12.98,15.512,-8.056,11.24,5.697738e-06 ,1.660772107239358
GRB060906,-41.796,8.3,-39.928,4.66,3.156005e-06 ,1.07386602153416
GRB060904B,-0.944,213.224,0.392,190.372,2.770381e-06 ,1.373820638025789
GRB060904A,-23.888,109.76,-0.92,79.14,1.354554e-05 ,1.4077638351137443
GRB060825,-3.624,7.0,-1.988,5.988,1.611144e-06 ,1.2860266788270907
GRB060814,-11.688,218.324,0.984,146.056,2.575064e-05 ,1.4164130153182999
GRB060813,-0.488,35.956,1.188,17.156,1.104532e-05 ,1.632337747836167
GRB060807,-40.772,25.76,-32.816,21.232,1.497019e-06 ,1.55438986907026
GRB060805A,-1.224,4.52,-0.968,3.96,9.583726e-08 ,1.1905021414389927
GRB060804,-14.06,5.548,-12.952,5.236,8.064503e-07 ,1.374358860492484
GRB060801,0.04,0.588,0.052,0.556,2.974888e-07 ,3.5137418286633935
GRB060729,0.912,128.524,3.136,116.18,4.150980e-06 ,1.3335825807664794
GRB060728,,,,,4.099397e-07 ,2.0495087326592407
GRB060719,-0.32,84.64,0.412,67.332,2.203558e-06 ,1.1372346037515566
GRB060717,-0.224,2.776,-0.224,2.776,1.060086e-07 ,1.5774669363866127
GRB060714,-13.34,120.876,-8.908,107.156,4.130308e-06 ,1.1337309238748636
GRB060712,0.592,38.736,2.832,33.744,2.425944e-06 ,1.6935973442065404
GRB060708,-0.26,14.176,0.152,10.18,8.139302e-07 ,1.3731876543752077
GRB060707,-48.956,25.444,-46.38,20.264,2.723347e-06 ,1.363169687158506
GRB060614,-1.496,179.08,0.332,109.436,2.796197e-05 ,0.9955886551091394
GRB060607B,-0.756,37.096,0.572,32.156,2.727381e-06 ,1.3915856052657414
GRB060607A,-23.628,102.252,-7.212,95.82,4.707017e-06 ,1.5376943440821047
GRB060605,-67.164,18.112,-64.92,14.92,1.241759e-06 ,1.5628233811687051
GRB060604,-63.248,32.752,-63.248,32.752,5.025754e-07 ,1.2247296360040074
GRB060602A,2.12,84.744,4.476,79.312,3.422986e-06 ,1.937046796712976
GRB060526,-1.36,310.172,0.356,298.396,1.799623e-06 ,1.143141547954247
GRB060522,0.164,77.328,3.092,72.216,1.955790e-06 ,1.5111236614765249
GRB060516,-47.0,97.0,-47.0,81.0,1.154443e-06 ,1.1151672857559727
GRB060515,0.22,57.504,2.084,54.456,3.285890e-06 ,2.0729073280806274
GRB060512,-4.364,4.924,-3.792,4.608,2.776657e-07 ,0.919708133541362
GRB060510B,25.596,326.044,43.968,306.904,6.080090e-06 ,1.2241369583246355
GRB060510A,-6.752,16.748,-5.404,14.744,,
GRB060507,-11.024,192.352,-3.476,179.832,6.754776e-06 ,1.1988365830897556
GRB060505,0.0,7.0,1.0,5.0,1.663980e-06 ,2.105135976378994
GRB060502B,-0.004,0.172,-0.004,0.14,1.233794e-07 ,2.368374039363942
GRB060502A,-5.644,38.984,-3.72,24.728,4.316849e-06 ,1.5586558637773114
GRB060501,-10.116,30.152,-3.272,22.356,2.472644e-06 ,1.5579733739899684
GRB060428B,-15.0,113.0,-15.0,81.0,9.251027e-07 ,0.665824842848577
GRB060428A,-6.812,42.96,-1.772,37.708,1.903872e-06 ,1.039321614053414
GRB060427,-10.0,61.0,-8.0,54.0,7.246665e-07 ,1.261623932646558
GRB060424,-20.46,20.476,-17.844,19.836,1.085020e-06 ,1.376099611026043
GRB060421,-2.796,16.876,-0.748,11.248,2.196870e-06 ,1.458948618040907
GRB060418,-82.456,136.62,-45.62,63.46,1.341073e-05 ,1.2886355352783125
GRB060413,29.976,246.944,53.164,194.288,5.734687e-06 ,1.3164672544115228
GRB060403,-6.168,33.172,-4.06,26.528,3.244026e-06 ,2.0620536910765344
GRB060323,-5.12,24.48,-2.688,21.184,1.099719e-06 ,1.5196722477252658
GRB060322,-51.624,268.212,-19.52,209.952,9.286637e-06 ,1.422983278729858
GRB060319,0.968,13.396,2.54,12.828,3.289131e-07 ,0.9290306488053786
GRB060313,-0.128,0.756,-0.092,0.652,3.611289e-06 ,2.6128831583638705
GRB060312,-29.272,29.424,-25.752,18.904,2.866343e-06 ,1.1811910024600116
GRB060306,-1.352,66.92,-0.872,60.068,3.296704e-06 ,1.2452024686141319
GRB060223B,-7.0,5.524,-5.728,4.632,2.880875e-06 ,1.4973727781939525
GRB060223A,-2.924,10.032,-2.08,9.24,1.072173e-06 ,1.3277309489290086
GRB060219,-57.068,8.24,-55.088,6.956,5.071421e-07 ,0.8339686597843287
GRB060218,,,,,2.199985e-06 ,0.9741824157598187
GRB060211B,-10.596,19.16,-9.844,17.888,7.737183e-07 ,1.5710862742430671
GRB060211A,47.836,194.208,54.092,180.552,2.640226e-06 ,1.2670683665920086
GRB060210,-235.816,132.184,-235.816,52.184,1.374985e-05 ,1.5195327891446362
GRB060206,-0.552,13.704,0.152,7.704,1.425770e-06 ,1.3240367786756397
GRB060204B,-24.276,170.716,-19.464,120.0,5.753003e-06 ,1.5784836885418196
GRB060203,-22.168,55.736,-18.004,51.52,1.521695e-06 ,1.5269329491098098
GRB060202,-26.448,190.56,-16.324,176.552,3.389375e-06 ,1.256116543638582
GRB060124,-1.2,13.548,-0.548,12.876,6.934770e-07 ,1.258780491902426
GRB060123,,,,,,
GRB060117,-1.972,26.288,0.12,16.972,3.020245e-05 ,1.1057068490609303
GRB060116,-35.736,78.632,-29.048,75.784,4.608780e-06 ,1.7508139571713341
GRB060115,-50.176,108.844,-35.652,103.44,2.879964e-06 ,1.3089711937699504
GRB060111B,-2.028,61.696,-1.204,57.628,4.057288e-06 ,2.271956509109894
GRB060111A,-0.652,17.576,0.416,13.628,2.105361e-06 ,1.3510767612515326
GRB060110,-1.564,26.588,0.272,21.608,2.456622e-06 ,1.3431977175228598
GRB060109,-1.968,126.768,1.46,117.052,9.486118e-07 ,1.2380274561335889
GRB060108,-4.024,13.228,-2.56,11.66,5.092595e-07 ,1.0904856810316974
GRB060105,-21.048,66.54,-17.876,36.5,4.306799e-05 ,1.961914193890313
GRB060102,-0.896,22.104,-0.896,18.104,4.885037e-07 ,2.195532852512448
GRB051227,-0.848,122.732,0.128,115.528,1.315069e-06 ,1.7394827809074267
GRB051221B,48.528,98.104,51.7,94.272,1.951985e-06 ,1.8375106685780878
GRB051221A,-0.032,2.092,0.032,1.424,2.189549e-06 ,1.575614937827756
GRB051213,-10.724,66.588,-8.348,62.708,1.330931e-06 ,1.4912488637196486
GRB051210,-0.264,1.196,-0.204,1.096,2.056946e-07 ,2.374159821877383
GRB051117B,1.388,10.996,1.516,10.536,3.015526e-07 ,1.6839535352552293
GRB051117A,-29.656,156.396,-11.116,129.516,6.571982e-06 ,1.1755469244419077
GRB051114,0.0,3.0,0.0,2.0,2.570107e-07 ,2.057500800878678
GRB051113,-30.748,67.332,-28.192,65.104,4.113774e-06 ,1.3477831744346565
GRB051111,-11.312,84.688,-11.312,52.688,8.459822e-06 ,1.6662886210433843
GRB051109B,-8.144,10.812,-6.816,8.88,3.656186e-07 ,1.1658698123814524
GRB051109A,-3.72,40.584,-2.536,34.664,3.837459e-06 ,1.6291087495047174
GRB051105A,-0.004,0.064,0.0,0.056,3.574942e-08 ,2.265217842631314
GRB051021B,-4.64,54.688,-3.136,43.376,1.541929e-06 ,1.4940666476897173
GRB051016B,0.112,4.616,0.216,4.216,2.018870e-07 ,0.8977801638724782
GRB051016A,-0.136,22.864,-0.136,20.864,1.299475e-06 ,1.400489528462063
GRB051012,0.0,12.8,0.0,12.8,3.558196e-07 ,1.0340225027287646
GRB051008,-24.932,13.332,-1.524,10.884,1.171966e-05 ,1.9156665908531212
GRB051006,-14.352,26.592,-11.888,23.52,2.387579e-06 ,1.5668234933194893
GRB051001,-25.48,199.244,-11.896,178.364,2.391296e-06 ,1.0593267033757403
GRB050925,-0.036,0.068,-0.032,0.06,1.183596e-07 ,1.3955643409602887
GRB050922C,-3.316,3.484,-2.084,2.468,3.147740e-06 ,1.6206527081572246
GRB050922B,24.424,273.624,27.384,184.408,3.099759e-06 ,1.0602299775313249
GRB050916,7.384,105.616,11.456,96.64,1.703468e-06 ,1.3226960122936071
GRB050915B,-9.124,56.916,-4.296,38.8,5.122206e-06 ,1.1190516237605157
GRB050915A,-8.14,57.836,-6.528,46.892,1.603992e-06 ,1.7250434152900234
GRB050911,-0.996,15.968,-0.752,15.488,4.765472e-07 ,1.3325086590156652
GRB050908,-6.816,15.84,-4.896,13.388,7.134111e-07 ,1.2319412323770025
GRB050906,,,,,9.175507e-09 ,2.093342099337484
GRB050904,-13.516,216.956,15.212,196.788,1.096102e-05 ,1.7779111835789738
GRB050827,-31.184,36.124,-22.704,27.328,4.054988e-06 ,1.6620724423009003
GRB050826,-0.208,39.584,0.528,30.128,8.821733e-07 ,2.073719474955606
GRB050824,37.384,64.536,38.488,63.496,3.045299e-07 ,0.713460509310713
GRB050822,-1.556,133.688,0.848,105.14,3.056868e-06 ,0.8486918059834355
GRB050820B,-0.308,15.02,1.54,13.604,4.235670e-06 ,1.6515814368806017
GRB050820A,-20.472,240.888,-1.448,239.32,8.019838e-06 ,1.7977941143309895
GRB050819,-7.216,40.084,-3.328,34.388,3.916076e-07 ,0.7574781856168968
GRB050815,-0.728,2.724,-0.528,2.464,1.461978e-07 ,1.3303321863436515
GRB050814,-4.556,175.48,-0.08,142.772,2.939359e-06 ,1.3161640945840039
GRB050813,-0.024,0.412,-0.004,0.38,8.928870e-08 ,2.3108933970393366
GRB050803,59.584,165.124,62.248,150.372,4.099232e-06 ,1.6302717602811507
GRB050802,-3.408,30.064,-2.192,25.264,3.956268e-06 ,1.5712670958013442
GRB050801,0.052,25.688,0.192,19.76,4.232510e-07 ,1.1431677604569257
GRB050730,-57.268,120.516,-44.736,109.864,4.157496e-06 ,1.4948928275145903
GRB050726,-40.832,15.632,-36.256,10.24,5.311301e-06 ,2.589225713770499
GRB050724,-0.024,107.14,0.052,98.736,1.415353e-06 ,1.165762243140589
GRB050721,-3.64,149.552,-1.188,103.512,5.789070e-06 ,1.2251243188590373
GRB050717,-0.016,209.152,2.848,87.864,1.287691e-05 ,1.6975410653536591
GRB050716,-13.676,76.388,-8.348,60.672,1.239943e-05 ,1.6477825522944705
GRB050715,-152.048,54.952,-138.048,48.952,2.830872e-06 ,1.3735672225573203
GRB050714B,13.492,68.248,17.708,67.072,7.505050e-07 ,0.9006999391357274
GRB050713B,0.32,177.696,2.08,123.776,7.709100e-06 ,1.569676379582952
GRB050713A,-69.384,121.336,-52.744,71.928,8.933069e-06 ,1.446937629893781
GRB050712,-20.444,40.124,-12.984,38.372,1.936723e-06 ,1.583980530967577
GRB050701,-4.732,28.408,-3.648,18.048,2.170114e-06 ,1.3042773130186693
GRB050607,-11.368,36.632,-11.368,36.632,8.670240e-07 ,1.169580337740284
GRB050603,-17.768,23.232,-9.768,11.232,1.749903e-05 ,1.8199943286940756
GRB050528,-8.116,4.984,-6.664,4.584,5.543465e-07 ,0.9866195828545218
GRB050525A,-0.12,12.676,0.328,9.164,2.357491e-05 ,
GRB050509B,0.0,0.028,0.0,0.024,1.457096e-08 ,2.2700738966009673
GRB050509A,-6.26,6.784,-5.6,4.908,4.458282e-07 ,1.0186617623138456
GRB050507,-4.824,13.176,-2.824,12.176,5.182897e-07 ,1.524930886344436
GRB050505,-10.064,52.508,-8.644,50.208,4.714940e-06 ,1.6562281564871357
GRB050502B,-17.32,3.168,-15.884,1.84,7.963463e-07 ,1.4450066917227575
GRB050422,-11.296,68.704,-11.296,68.704,1.137549e-06 ,1.7300555551543197
GRB050421,0.044,8.74,0.2,8.608,1.496130e-07 ,1.6763313076460313
GRB050418,-8.352,80.56,-5.092,76.668,8.429671e-06 ,1.308489092754308
GRB050416B,0.072,4.196,0.188,3.58,2.269022e-06 ,1.7430097011833634
GRB050416A,-0.012,9.44,0.12,6.788,4.315128e-07 ,0.5246261896947818
GRB050412,-8.284,23.908,-6.32,21.252,2.030303e-06 ,2.832434644228734
GRB050410,-27.024,36.976,-27.024,36.976,7.547443e-06 ,1.3744850760530283
GRB050406,-2.504,3.896,-2.08,3.696,9.233152e-08 ,0.9453227818390424
GRB050401,-5.908,27.804,-5.128,26.964,1.535567e-05 ,1.6132806343550092
GRB050326,-9.84,32.424,-5.084,24.356,1.826037e-05 ,1.7069857999670632
GRB050319,-134.092,27.772,-133.128,18.456,1.876665e-06 ,1.1531607148960585
GRB050318,-0.62,29.716,3.48,19.604,1.642312e-06 ,1.1354818406260625
GRB050315,-55.98,69.18,-47.808,47.592,4.186628e-06 ,0.9847364279589437
GRB050306,-3.42,187.8,4.916,163.44,2.091307e-05 ,1.515444573661441
GRB050223,-12.008,16.568,-7.908,14.772,9.634567e-07 ,1.242567682412264
GRB050219B,-35.592,38.568,-14.376,14.344,2.846621e-05 ,1.4581757265816737
GRB050219A,-5.808,30.4,-3.52,20.292,8.570349e-06 ,1.6911419855861594
GRB050215B,-2.072,13.368,-1.532,9.512,2.919895e-07 ,0.9599311474301769
GRB050215A,-0.324,71.068,0.42,66.832,1.262517e-06 ,1.8862525362244584
GRB050202,0.004,0.132,0.012,0.124,5.964993e-08 ,1.919552920254754
GRB050128,-7.56,25.44,-6.56,21.44,1.001184e-05 ,1.6299714338894213
GRB050126,-11.44,36.56,-11.44,36.56,1.720566e-06 ,1.76262526528561
GRB050124,-3.896,3.068,-1.132,2.804,2.275458e-06 ,1.5972761042473511
GRB050117,4.288,215.86,27.812,194.46,1.558891e-05 ,1.431627201271438
GRB041228,-2.736,70.7,1.336,57.636,5.989115e-06 ,1.3964007261225715
GRB041226,-1.592,7.608,-0.972,7.324,2.974869e-07 ,2.0307659735944577
GRB041224,-110.652,116.272,-93.648,83.916,1.399133e-05 ,1.2495387925001293
GRB041223,-10.536,145.944,1.764,110.824,3.781067e-05 ,1.8402636097542568
GRB041220,-0.208,6.812,-0.02,5.564,5.876749e-07 ,1.3439412530165395
GRB041219C,0.0,12.0,0.0,10.0,1.561714e-06 ,1.0449609890773064
GRB041219B,,,14.681,53.785,3.781224e-07 ,1.1599253919050077
GRB041219A,,,,,,
GRB041217,0.824,7.888,1.184,6.852,5.125789e-06 ,1.5221242153188164
GRB200324A,,,,,3.642837e-06 ,1.3595337757044692
GRB150424A,,,,,3.285516e-06 ,1.9749684663205913
